id,count,percent
DOM_003133,1,0.03
PURE_001965,1,0.03
PURE_001955,1,0.03
PURE_001956,1,0.03
PURE_001957,1,0.03
PURE_001958,1,0.03
PURE_001959,1,0.03
PURE_001960,1,0.03
PURE_001961,1,0.03
PURE_001962,1,0.03
PURE_001963,1,0.03
PURE_001964,1,0.03
PURE_001966,1,0.03
PURE_001953,1,0.03
PURE_001967,1,0.03
PURE_001968,1,0.03
PURE_001969,1,0.03
PURE_001970,1,0.03
PURE_001971,1,0.03
PURE_001972,1,0.03
PURE_001973,1,0.03
PURE_001974,1,0.03
PURE_001975,1,0.03
PURE_001976,1,0.03
PURE_001954,1,0.03
PURE_001952,1,0.03
PURE_001978,1,0.03
PURE_001939,1,0.03
PURE_001929,1,0.03
PURE_001930,1,0.03
PURE_001931,1,0.03
PURE_001932,1,0.03
PURE_001933,1,0.03
PURE_001934,1,0.03
PURE_001935,1,0.03
PURE_001936,1,0.03
PURE_001937,1,0.03
PURE_001938,1,0.03
PURE_001940,1,0.03
PURE_001951,1,0.03
PURE_001941,1,0.03
PURE_001942,1,0.03
PURE_001943,1,0.03
PURE_001944,1,0.03
PURE_001945,1,0.03
PURE_001946,1,0.03
PURE_001947,1,0.03
PURE_001948,1,0.03
PURE_001949,1,0.03
PURE_001950,1,0.03
PURE_001977,1,0.03
PURE_001979,1,0.03
PURE_001927,1,0.03
PURE_002017,1,0.03
PURE_002007,1,0.03
PURE_002008,1,0.03
PURE_002009,1,0.03
PURE_002010,1,0.03
PURE_002011,1,0.03
PURE_002012,1,0.03
PURE_002013,1,0.03
PURE_002014,1,0.03
PURE_002015,1,0.03
PURE_002016,1,0.03
PURE_002018,1,0.03
PURE_002005,1,0.03
PURE_002019,1,0.03
PURE_002020,1,0.03
PURE_002021,1,0.03
PURE_002022,1,0.03
PURE_002023,1,0.03
PURE_002024,1,0.03
PURE_002025,1,0.03
PURE_002026,1,0.03
PURE_002027,1,0.03
PURE_002028,1,0.03
PURE_002006,1,0.03
PURE_002004,1,0.03
PURE_001980,1,0.03
PURE_001991,1,0.03
PURE_001981,1,0.03
PURE_001982,1,0.03
PURE_001983,1,0.03
PURE_001984,1,0.03
PURE_001985,1,0.03
PURE_001986,1,0.03
PURE_001987,1,0.03
PURE_001988,1,0.03
PURE_001989,1,0.03
PURE_001990,1,0.03
PURE_001992,1,0.03
PURE_002003,1,0.03
PURE_001993,1,0.03
PURE_001994,1,0.03
PURE_001995,1,0.03
PURE_001996,1,0.03
PURE_001997,1,0.03
PURE_001998,1,0.03
PURE_001999,1,0.03
PURE_002000,1,0.03
PURE_002001,1,0.03
PURE_002002,1,0.03
PURE_001928,1,0.03
PURE_001926,1,0.03
PURE_002237,1,0.03
PURE_001861,1,0.03
PURE_001851,1,0.03
PURE_001852,1,0.03
PURE_001853,1,0.03
PURE_001854,1,0.03
PURE_001855,1,0.03
PURE_001856,1,0.03
PURE_001857,1,0.03
PURE_001858,1,0.03
PURE_001859,1,0.03
PURE_001860,1,0.03
PURE_001862,1,0.03
PURE_001849,1,0.03
PURE_001863,1,0.03
PURE_001864,1,0.03
PURE_001865,1,0.03
PURE_001866,1,0.03
PURE_001867,1,0.03
PURE_001868,1,0.03
PURE_001869,1,0.03
PURE_001870,1,0.03
PURE_001871,1,0.03
PURE_001872,1,0.03
PURE_001850,1,0.03
PURE_001848,1,0.03
PURE_001874,1,0.03
PURE_001835,1,0.03
PURE_001825,1,0.03
PURE_001826,1,0.03
PURE_001827,1,0.03
PURE_001828,1,0.03
PURE_001829,1,0.03
PURE_001830,1,0.03
PURE_001831,1,0.03
PURE_001832,1,0.03
PURE_001833,1,0.03
PURE_001834,1,0.03
PURE_001836,1,0.03
PURE_001847,1,0.03
PURE_001837,1,0.03
PURE_001838,1,0.03
PURE_001839,1,0.03
PURE_001840,1,0.03
PURE_001841,1,0.03
PURE_001842,1,0.03
PURE_001843,1,0.03
PURE_001844,1,0.03
PURE_001845,1,0.03
PURE_001846,1,0.03
PURE_001873,1,0.03
PURE_001875,1,0.03
PURE_001925,1,0.03
PURE_001913,1,0.03
PURE_001903,1,0.03
PURE_001904,1,0.03
PURE_001905,1,0.03
PURE_001906,1,0.03
PURE_001907,1,0.03
PURE_001908,1,0.03
PURE_001909,1,0.03
PURE_001910,1,0.03
PURE_001911,1,0.03
PURE_001912,1,0.03
PURE_001914,1,0.03
PURE_001901,1,0.03
PURE_001915,1,0.03
PURE_001916,1,0.03
PURE_001917,1,0.03
PURE_001918,1,0.03
PURE_001919,1,0.03
PURE_001920,1,0.03
PURE_001921,1,0.03
PURE_001922,1,0.03
PURE_001923,1,0.03
PURE_001924,1,0.03
PURE_001902,1,0.03
PURE_001900,1,0.03
PURE_001876,1,0.03
PURE_001887,1,0.03
PURE_001877,1,0.03
PURE_001878,1,0.03
PURE_001879,1,0.03
PURE_001880,1,0.03
PURE_001881,1,0.03
PURE_001882,1,0.03
PURE_001883,1,0.03
PURE_001884,1,0.03
PURE_001885,1,0.03
PURE_001886,1,0.03
PURE_001888,1,0.03
PURE_001899,1,0.03
PURE_001889,1,0.03
PURE_001890,1,0.03
PURE_001891,1,0.03
PURE_001892,1,0.03
PURE_001893,1,0.03
PURE_001894,1,0.03
PURE_001895,1,0.03
PURE_001896,1,0.03
PURE_001897,1,0.03
PURE_001898,1,0.03
PURE_002029,1,0.03
PURE_002030,1,0.03
PURE_002031,1,0.03
PURE_002172,1,0.03
PURE_002162,1,0.03
PURE_002163,1,0.03
PURE_002164,1,0.03
PURE_002165,1,0.03
PURE_002166,1,0.03
PURE_002167,1,0.03
PURE_002168,1,0.03
PURE_002169,1,0.03
PURE_002170,1,0.03
PURE_002171,1,0.03
PURE_002173,1,0.03
PURE_002160,1,0.03
PURE_002174,1,0.03
PURE_002175,1,0.03
PURE_002176,1,0.03
PURE_002177,1,0.03
PURE_002178,1,0.03
PURE_002179,1,0.03
PURE_002180,1,0.03
PURE_002181,1,0.03
PURE_002182,1,0.03
PURE_002183,1,0.03
PURE_002161,1,0.03
PURE_002159,1,0.03
PURE_002185,1,0.03
PURE_002146,1,0.03
PURE_002136,1,0.03
PURE_002137,1,0.03
PURE_002138,1,0.03
PURE_002139,1,0.03
PURE_002140,1,0.03
PURE_002141,1,0.03
PURE_002142,1,0.03
PURE_002143,1,0.03
PURE_002144,1,0.03
PURE_002145,1,0.03
PURE_002147,1,0.03
PURE_002158,1,0.03
PURE_002148,1,0.03
PURE_002149,1,0.03
PURE_002150,1,0.03
PURE_002151,1,0.03
PURE_002152,1,0.03
PURE_002153,1,0.03
PURE_002154,1,0.03
PURE_002155,1,0.03
PURE_002156,1,0.03
PURE_002157,1,0.03
PURE_002184,1,0.03
PURE_002186,1,0.03
PURE_002032,1,0.03
PURE_002224,1,0.03
PURE_002214,1,0.03
PURE_002215,1,0.03
PURE_002216,1,0.03
PURE_002217,1,0.03
PURE_002218,1,0.03
PURE_002219,1,0.03
PURE_002220,1,0.03
PURE_002221,1,0.03
PURE_002222,1,0.03
PURE_002223,1,0.03
PURE_002225,1,0.03
PURE_002212,1,0.03
PURE_002226,1,0.03
PURE_002227,1,0.03
PURE_002228,1,0.03
PURE_002229,1,0.03
PURE_002230,1,0.03
PURE_002231,1,0.03
PURE_002232,1,0.03
PURE_002233,1,0.03
PURE_002234,1,0.03
PURE_002235,1,0.03
PURE_002213,1,0.03
PURE_002211,1,0.03
PURE_002187,1,0.03
PURE_002198,1,0.03
PURE_002188,1,0.03
PURE_002189,1,0.03
PURE_002190,1,0.03
PURE_002191,1,0.03
PURE_002192,1,0.03
PURE_002193,1,0.03
PURE_002194,1,0.03
PURE_002195,1,0.03
PURE_002196,1,0.03
PURE_002197,1,0.03
PURE_002199,1,0.03
PURE_002210,1,0.03
PURE_002200,1,0.03
PURE_002201,1,0.03
PURE_002202,1,0.03
PURE_002203,1,0.03
PURE_002204,1,0.03
PURE_002205,1,0.03
PURE_002206,1,0.03
PURE_002207,1,0.03
PURE_002208,1,0.03
PURE_002209,1,0.03
PURE_002135,1,0.03
PURE_002134,1,0.03
PURE_002133,1,0.03
PURE_002069,1,0.03
PURE_002059,1,0.03
PURE_002060,1,0.03
PURE_002061,1,0.03
PURE_002062,1,0.03
PURE_002063,1,0.03
PURE_002064,1,0.03
PURE_002065,1,0.03
PURE_002066,1,0.03
PURE_002067,1,0.03
PURE_002068,1,0.03
PURE_002070,1,0.03
PURE_002057,1,0.03
PURE_002071,1,0.03
PURE_002072,1,0.03
PURE_002073,1,0.03
PURE_002074,1,0.03
PURE_002075,1,0.03
PURE_002076,1,0.03
PURE_002077,1,0.03
PURE_002078,1,0.03
PURE_002079,1,0.03
PURE_002080,1,0.03
PURE_002058,1,0.03
PURE_002056,1,0.03
PURE_002132,1,0.03
PURE_002043,1,0.03
PURE_002033,1,0.03
PURE_002034,1,0.03
PURE_002035,1,0.03
PURE_002036,1,0.03
PURE_002037,1,0.03
PURE_002038,1,0.03
PURE_002039,1,0.03
PURE_002040,1,0.03
PURE_002041,1,0.03
PURE_002042,1,0.03
PURE_002044,1,0.03
PURE_002055,1,0.03
PURE_002045,1,0.03
PURE_002046,1,0.03
PURE_002047,1,0.03
PURE_002048,1,0.03
PURE_002049,1,0.03
PURE_002050,1,0.03
PURE_002051,1,0.03
PURE_002052,1,0.03
PURE_002053,1,0.03
PURE_002054,1,0.03
PURE_002081,1,0.03
PURE_002082,1,0.03
PURE_002083,1,0.03
PURE_002120,1,0.03
PURE_002110,1,0.03
PURE_002111,1,0.03
PURE_002112,1,0.03
PURE_002113,1,0.03
PURE_002114,1,0.03
PURE_002115,1,0.03
PURE_002116,1,0.03
PURE_002117,1,0.03
PURE_002118,1,0.03
PURE_002119,1,0.03
PURE_002121,1,0.03
PURE_002084,1,0.03
PURE_002122,1,0.03
PURE_002123,1,0.03
PURE_002124,1,0.03
PURE_002125,1,0.03
PURE_002126,1,0.03
PURE_002127,1,0.03
PURE_002128,1,0.03
PURE_002129,1,0.03
PURE_002130,1,0.03
PURE_002131,1,0.03
PURE_002109,1,0.03
PURE_002108,1,0.03
PURE_002107,1,0.03
PURE_002106,1,0.03
PURE_002085,1,0.03
PURE_002086,1,0.03
PURE_002087,1,0.03
PURE_002088,1,0.03
PURE_002089,1,0.03
PURE_002090,1,0.03
PURE_002091,1,0.03
PURE_002092,1,0.03
PURE_002093,1,0.03
PURE_002094,1,0.03
PURE_002095,1,0.03
PURE_002096,1,0.03
PURE_002097,1,0.03
PURE_002098,1,0.03
PURE_002099,1,0.03
PURE_002100,1,0.03
PURE_002101,1,0.03
PURE_002102,1,0.03
PURE_002103,1,0.03
PURE_002104,1,0.03
PURE_002105,1,0.03
PURE_001824,1,0.03
PURE_001823,1,0.03
PURE_001822,1,0.03
PURE_001550,1,0.03
PURE_001540,1,0.03
PURE_001541,1,0.03
PURE_001542,1,0.03
PURE_001543,1,0.03
PURE_001544,1,0.03
PURE_001545,1,0.03
PURE_001546,1,0.03
PURE_001547,1,0.03
PURE_001548,1,0.03
PURE_001549,1,0.03
PURE_001551,1,0.03
PURE_001538,1,0.03
PURE_001552,1,0.03
PURE_001553,1,0.03
PURE_001554,1,0.03
PURE_001555,1,0.03
PURE_001556,1,0.03
PURE_001557,1,0.03
PURE_001558,1,0.03
PURE_001559,1,0.03
PURE_001560,1,0.03
PURE_001561,1,0.03
PURE_001539,1,0.03
PURE_001537,1,0.03
PURE_001563,1,0.03
PURE_001524,1,0.03
PURE_001514,1,0.03
PURE_001515,1,0.03
PURE_001516,1,0.03
PURE_001517,1,0.03
PURE_001518,1,0.03
PURE_001519,1,0.03
PURE_001520,1,0.03
PURE_001521,1,0.03
PURE_001522,1,0.03
PURE_001523,1,0.03
PURE_001525,1,0.03
PURE_001536,1,0.03
PURE_001526,1,0.03
PURE_001527,1,0.03
PURE_001528,1,0.03
PURE_001529,1,0.03
PURE_001530,1,0.03
PURE_001531,1,0.03
PURE_001532,1,0.03
PURE_001533,1,0.03
PURE_001534,1,0.03
PURE_001535,1,0.03
PURE_001562,1,0.03
PURE_001564,1,0.03
PURE_001615,1,0.03
PURE_001602,1,0.03
PURE_001592,1,0.03
PURE_001593,1,0.03
PURE_001594,1,0.03
PURE_001595,1,0.03
PURE_001596,1,0.03
PURE_001597,1,0.03
PURE_001598,1,0.03
PURE_001599,1,0.03
PURE_001600,1,0.03
PURE_001601,1,0.03
PURE_001603,1,0.03
PURE_001590,1,0.03
PURE_001604,1,0.03
PURE_001605,1,0.03
PURE_001606,1,0.03
PURE_001607,1,0.03
PURE_001608,1,0.03
PURE_001609,1,0.03
PURE_001610,1,0.03
PURE_001611,1,0.03
PURE_001612,1,0.03
PURE_001613,1,0.03
PURE_001591,1,0.03
PURE_001589,1,0.03
PURE_001565,1,0.03
PURE_001576,1,0.03
PURE_001566,1,0.03
PURE_001567,1,0.03
PURE_001568,1,0.03
PURE_001569,1,0.03
PURE_001570,1,0.03
PURE_001571,1,0.03
PURE_001572,1,0.03
PURE_001573,1,0.03
PURE_001574,1,0.03
PURE_001575,1,0.03
PURE_001577,1,0.03
PURE_001588,1,0.03
PURE_001578,1,0.03
PURE_001579,1,0.03
PURE_001580,1,0.03
PURE_001581,1,0.03
PURE_001582,1,0.03
PURE_001583,1,0.03
PURE_001584,1,0.03
PURE_001585,1,0.03
PURE_001586,1,0.03
PURE_001587,1,0.03
PURE_001513,1,0.03
PURE_001512,1,0.03
PURE_001511,1,0.03
PURE_001447,1,0.03
PURE_001437,1,0.03
PURE_001438,1,0.03
PURE_001439,1,0.03
PURE_001440,1,0.03
PURE_001441,1,0.03
PURE_001442,1,0.03
PURE_001443,1,0.03
PURE_001444,1,0.03
PURE_001445,1,0.03
PURE_001446,1,0.03
PURE_001448,1,0.03
PURE_001435,1,0.03
PURE_001449,1,0.03
PURE_001450,1,0.03
PURE_001451,1,0.03
PURE_001452,1,0.03
PURE_001453,1,0.03
PURE_001454,1,0.03
PURE_001455,1,0.03
PURE_001456,1,0.03
PURE_001457,1,0.03
PURE_001458,1,0.03
PURE_001436,1,0.03
PURE_001434,1,0.03
PURE_001510,1,0.03
PURE_001421,1,0.03
PURE_001411,1,0.03
PURE_001412,1,0.03
PURE_001413,1,0.03
PURE_001414,1,0.03
PURE_001415,1,0.03
PURE_001416,1,0.03
PURE_001417,1,0.03
PURE_001418,1,0.03
PURE_001419,1,0.03
PURE_001420,1,0.03
PURE_001422,1,0.03
PURE_001433,1,0.03
PURE_001423,1,0.03
PURE_001424,1,0.03
PURE_001425,1,0.03
PURE_001426,1,0.03
PURE_001427,1,0.03
PURE_001428,1,0.03
PURE_001429,1,0.03
PURE_001430,1,0.03
PURE_001431,1,0.03
PURE_001432,1,0.03
PURE_001459,1,0.03
PURE_001460,1,0.03
PURE_001461,1,0.03
PURE_001498,1,0.03
PURE_001488,1,0.03
PURE_001489,1,0.03
PURE_001490,1,0.03
PURE_001491,1,0.03
PURE_001492,1,0.03
PURE_001493,1,0.03
PURE_001494,1,0.03
PURE_001495,1,0.03
PURE_001496,1,0.03
PURE_001497,1,0.03
PURE_001499,1,0.03
PURE_001462,1,0.03
PURE_001500,1,0.03
PURE_001501,1,0.03
PURE_001502,1,0.03
PURE_001503,1,0.03
PURE_001504,1,0.03
PURE_001505,1,0.03
PURE_001506,1,0.03
PURE_001507,1,0.03
PURE_001508,1,0.03
PURE_001509,1,0.03
PURE_001487,1,0.03
PURE_001486,1,0.03
PURE_001485,1,0.03
PURE_001484,1,0.03
PURE_001463,1,0.03
PURE_001464,1,0.03
PURE_001465,1,0.03
PURE_001466,1,0.03
PURE_001467,1,0.03
PURE_001468,1,0.03
PURE_001469,1,0.03
PURE_001470,1,0.03
PURE_001471,1,0.03
PURE_001472,1,0.03
PURE_001473,1,0.03
PURE_001474,1,0.03
PURE_001475,1,0.03
PURE_001476,1,0.03
PURE_001477,1,0.03
PURE_001478,1,0.03
PURE_001479,1,0.03
PURE_001480,1,0.03
PURE_001481,1,0.03
PURE_001482,1,0.03
PURE_001483,1,0.03
PURE_001614,1,0.03
PURE_001616,1,0.03
PURE_001821,1,0.03
PURE_001757,1,0.03
PURE_001747,1,0.03
PURE_001748,1,0.03
PURE_001749,1,0.03
PURE_001750,1,0.03
PURE_001751,1,0.03
PURE_001752,1,0.03
PURE_001753,1,0.03
PURE_001754,1,0.03
PURE_001755,1,0.03
PURE_001756,1,0.03
PURE_001758,1,0.03
PURE_001745,1,0.03
PURE_001759,1,0.03
PURE_001760,1,0.03
PURE_001761,1,0.03
PURE_001762,1,0.03
PURE_001763,1,0.03
PURE_001764,1,0.03
PURE_001765,1,0.03
PURE_001766,1,0.03
PURE_001767,1,0.03
PURE_001768,1,0.03
PURE_001746,1,0.03
PURE_001744,1,0.03
PURE_001770,1,0.03
PURE_001731,1,0.03
PURE_001721,1,0.03
PURE_001722,1,0.03
PURE_001723,1,0.03
PURE_001724,1,0.03
PURE_001725,1,0.03
PURE_001726,1,0.03
PURE_001727,1,0.03
PURE_001728,1,0.03
PURE_001729,1,0.03
PURE_001730,1,0.03
PURE_001732,1,0.03
PURE_001743,1,0.03
PURE_001733,1,0.03
PURE_001734,1,0.03
PURE_001735,1,0.03
PURE_001736,1,0.03
PURE_001737,1,0.03
PURE_001738,1,0.03
PURE_001739,1,0.03
PURE_001740,1,0.03
PURE_001741,1,0.03
PURE_001742,1,0.03
PURE_001769,1,0.03
PURE_001771,1,0.03
PURE_001617,1,0.03
PURE_001809,1,0.03
PURE_001799,1,0.03
PURE_001800,1,0.03
PURE_001801,1,0.03
PURE_001802,1,0.03
PURE_001803,1,0.03
PURE_001804,1,0.03
PURE_001805,1,0.03
PURE_001806,1,0.03
PURE_001807,1,0.03
PURE_001808,1,0.03
PURE_001810,1,0.03
PURE_001797,1,0.03
PURE_001811,1,0.03
PURE_001812,1,0.03
PURE_001813,1,0.03
PURE_001814,1,0.03
PURE_001815,1,0.03
PURE_001816,1,0.03
PURE_001817,1,0.03
PURE_001818,1,0.03
PURE_001819,1,0.03
PURE_001820,1,0.03
PURE_001798,1,0.03
PURE_001796,1,0.03
PURE_001772,1,0.03
PURE_001783,1,0.03
PURE_001773,1,0.03
PURE_001774,1,0.03
PURE_001775,1,0.03
PURE_001776,1,0.03
PURE_001777,1,0.03
PURE_001778,1,0.03
PURE_001779,1,0.03
PURE_001780,1,0.03
PURE_001781,1,0.03
PURE_001782,1,0.03
PURE_001784,1,0.03
PURE_001795,1,0.03
PURE_001785,1,0.03
PURE_001786,1,0.03
PURE_001787,1,0.03
PURE_001788,1,0.03
PURE_001789,1,0.03
PURE_001790,1,0.03
PURE_001791,1,0.03
PURE_001792,1,0.03
PURE_001793,1,0.03
PURE_001794,1,0.03
PURE_001720,1,0.03
PURE_001719,1,0.03
PURE_001718,1,0.03
PURE_001654,1,0.03
PURE_001644,1,0.03
PURE_001645,1,0.03
PURE_001646,1,0.03
PURE_001647,1,0.03
PURE_001648,1,0.03
PURE_001649,1,0.03
PURE_001650,1,0.03
PURE_001651,1,0.03
PURE_001652,1,0.03
PURE_001653,1,0.03
PURE_001655,1,0.03
PURE_001642,1,0.03
PURE_001656,1,0.03
PURE_001657,1,0.03
PURE_001658,1,0.03
PURE_001659,1,0.03
PURE_001660,1,0.03
PURE_001661,1,0.03
PURE_001662,1,0.03
PURE_001663,1,0.03
PURE_001664,1,0.03
PURE_001665,1,0.03
PURE_001643,1,0.03
PURE_001641,1,0.03
PURE_001717,1,0.03
PURE_001628,1,0.03
PURE_001618,1,0.03
PURE_001619,1,0.03
PURE_001620,1,0.03
PURE_001621,1,0.03
PURE_001622,1,0.03
PURE_001623,1,0.03
PURE_001624,1,0.03
PURE_001625,1,0.03
PURE_001626,1,0.03
PURE_001627,1,0.03
PURE_001629,1,0.03
PURE_001640,1,0.03
PURE_001630,1,0.03
PURE_001631,1,0.03
PURE_001632,1,0.03
PURE_001633,1,0.03
PURE_001634,1,0.03
PURE_001635,1,0.03
PURE_001636,1,0.03
PURE_001637,1,0.03
PURE_001638,1,0.03
PURE_001639,1,0.03
PURE_001666,1,0.03
PURE_001667,1,0.03
PURE_001668,1,0.03
PURE_001705,1,0.03
PURE_001695,1,0.03
PURE_001696,1,0.03
PURE_001697,1,0.03
PURE_001698,1,0.03
PURE_001699,1,0.03
PURE_001700,1,0.03
PURE_001701,1,0.03
PURE_001702,1,0.03
PURE_001703,1,0.03
PURE_001704,1,0.03
PURE_001706,1,0.03
PURE_001669,1,0.03
PURE_001707,1,0.03
PURE_001708,1,0.03
PURE_001709,1,0.03
PURE_001710,1,0.03
PURE_001711,1,0.03
PURE_001712,1,0.03
PURE_001713,1,0.03
PURE_001714,1,0.03
PURE_001715,1,0.03
PURE_001716,1,0.03
PURE_001694,1,0.03
PURE_001693,1,0.03
PURE_001692,1,0.03
PURE_001691,1,0.03
PURE_001670,1,0.03
PURE_001671,1,0.03
PURE_001672,1,0.03
PURE_001673,1,0.03
PURE_001674,1,0.03
PURE_001675,1,0.03
PURE_001676,1,0.03
PURE_001677,1,0.03
PURE_001678,1,0.03
PURE_001679,1,0.03
PURE_001680,1,0.03
PURE_001681,1,0.03
PURE_001682,1,0.03
PURE_001683,1,0.03
PURE_001684,1,0.03
PURE_001685,1,0.03
PURE_001686,1,0.03
PURE_001687,1,0.03
PURE_001688,1,0.03
PURE_001689,1,0.03
PURE_001690,1,0.03
PURE_002236,1,0.03
PURE_002238,1,0.03
DOM_003134,1,0.03
PURE_002794,1,0.03
PURE_002784,1,0.03
PURE_002785,1,0.03
PURE_002786,1,0.03
PURE_002787,1,0.03
PURE_002788,1,0.03
PURE_002789,1,0.03
PURE_002790,1,0.03
PURE_002791,1,0.03
PURE_002792,1,0.03
PURE_002793,1,0.03
PURE_002795,1,0.03
PURE_002782,1,0.03
PURE_002796,1,0.03
PURE_002797,1,0.03
PURE_002798,1,0.03
PURE_002799,1,0.03
PURE_002800,1,0.03
PURE_002801,1,0.03
PURE_002802,1,0.03
PURE_002803,1,0.03
PURE_002804,1,0.03
PURE_002805,1,0.03
PURE_002783,1,0.03
PURE_002781,1,0.03
PURE_002807,1,0.03
PURE_002768,1,0.03
PURE_002758,1,0.03
PURE_002759,1,0.03
PURE_002760,1,0.03
PURE_002761,1,0.03
PURE_002762,1,0.03
PURE_002763,1,0.03
PURE_002764,1,0.03
PURE_002765,1,0.03
PURE_002766,1,0.03
PURE_002767,1,0.03
PURE_002769,1,0.03
PURE_002780,1,0.03
PURE_002770,1,0.03
PURE_002771,1,0.03
PURE_002772,1,0.03
PURE_002773,1,0.03
PURE_002774,1,0.03
PURE_002775,1,0.03
PURE_002776,1,0.03
PURE_002777,1,0.03
PURE_002778,1,0.03
PURE_002779,1,0.03
PURE_002806,1,0.03
PURE_002808,1,0.03
PURE_002756,1,0.03
PURE_002846,1,0.03
PURE_002836,1,0.03
PURE_002837,1,0.03
PURE_002838,1,0.03
PURE_002839,1,0.03
PURE_002840,1,0.03
PURE_002841,1,0.03
PURE_002842,1,0.03
PURE_002843,1,0.03
PURE_002844,1,0.03
PURE_002845,1,0.03
PURE_002847,1,0.03
PURE_002834,1,0.03
PURE_002848,1,0.03
PURE_002849,1,0.03
PURE_002850,1,0.03
PURE_002851,1,0.03
PURE_002852,1,0.03
SMH_003284,1,0.03
SMH_003285,1,0.03
SMH_003286,1,0.03
SMH_003287,1,0.03
SMH_003288,1,0.03
PURE_002835,1,0.03
PURE_002833,1,0.03
PURE_002809,1,0.03
PURE_002820,1,0.03
PURE_002810,1,0.03
PURE_002811,1,0.03
PURE_002812,1,0.03
PURE_002813,1,0.03
PURE_002814,1,0.03
PURE_002815,1,0.03
PURE_002816,1,0.03
PURE_002817,1,0.03
PURE_002818,1,0.03
PURE_002819,1,0.03
PURE_002821,1,0.03
PURE_002832,1,0.03
PURE_002822,1,0.03
PURE_002823,1,0.03
PURE_002824,1,0.03
PURE_002825,1,0.03
PURE_002826,1,0.03
PURE_002827,1,0.03
PURE_002828,1,0.03
PURE_002829,1,0.03
PURE_002830,1,0.03
PURE_002831,1,0.03
PURE_002757,1,0.03
PURE_002755,1,0.03
PURE_002239,1,0.03
PURE_002690,1,0.03
PURE_002680,1,0.03
PURE_002681,1,0.03
PURE_002682,1,0.03
PURE_002683,1,0.03
PURE_002684,1,0.03
PURE_002685,1,0.03
PURE_002686,1,0.03
PURE_002687,1,0.03
PURE_002688,1,0.03
PURE_002689,1,0.03
PURE_002691,1,0.03
PURE_002678,1,0.03
PURE_002692,1,0.03
PURE_002693,1,0.03
PURE_002694,1,0.03
PURE_002695,1,0.03
PURE_002696,1,0.03
PURE_002697,1,0.03
PURE_002698,1,0.03
PURE_002699,1,0.03
PURE_002700,1,0.03
PURE_002701,1,0.03
PURE_002679,1,0.03
PURE_002677,1,0.03
PURE_002703,1,0.03
PURE_002664,1,0.03
PURE_002654,1,0.03
PURE_002655,1,0.03
PURE_002656,1,0.03
PURE_002657,1,0.03
PURE_002658,1,0.03
PURE_002659,1,0.03
PURE_002660,1,0.03
PURE_002661,1,0.03
PURE_002662,1,0.03
PURE_002663,1,0.03
PURE_002665,1,0.03
PURE_002676,1,0.03
PURE_002666,1,0.03
PURE_002667,1,0.03
PURE_002668,1,0.03
PURE_002669,1,0.03
PURE_002670,1,0.03
PURE_002671,1,0.03
PURE_002672,1,0.03
PURE_002673,1,0.03
PURE_002674,1,0.03
PURE_002675,1,0.03
PURE_002702,1,0.03
PURE_002704,1,0.03
PURE_002754,1,0.03
PURE_002742,1,0.03
PURE_002732,1,0.03
PURE_002733,1,0.03
PURE_002734,1,0.03
PURE_002735,1,0.03
PURE_002736,1,0.03
PURE_002737,1,0.03
PURE_002738,1,0.03
PURE_002739,1,0.03
PURE_002740,1,0.03
PURE_002741,1,0.03
PURE_002743,1,0.03
PURE_002730,1,0.03
PURE_002744,1,0.03
PURE_002745,1,0.03
PURE_002746,1,0.03
PURE_002747,1,0.03
PURE_002748,1,0.03
PURE_002749,1,0.03
PURE_002750,1,0.03
PURE_002751,1,0.03
PURE_002752,1,0.03
PURE_002753,1,0.03
PURE_002731,1,0.03
PURE_002729,1,0.03
PURE_002705,1,0.03
PURE_002716,1,0.03
PURE_002706,1,0.03
PURE_002707,1,0.03
PURE_002708,1,0.03
PURE_002709,1,0.03
PURE_002710,1,0.03
PURE_002711,1,0.03
PURE_002712,1,0.03
PURE_002713,1,0.03
PURE_002714,1,0.03
PURE_002715,1,0.03
PURE_002717,1,0.03
PURE_002728,1,0.03
PURE_002718,1,0.03
PURE_002719,1,0.03
PURE_002720,1,0.03
PURE_002721,1,0.03
PURE_002722,1,0.03
PURE_002723,1,0.03
PURE_002724,1,0.03
PURE_002725,1,0.03
PURE_002726,1,0.03
PURE_002727,1,0.03
SMH_003289,1,0.03
SMH_003290,1,0.03
SMH_003291,1,0.03
SYN_003068,1,0.03
SYN_003058,1,0.03
SYN_003059,1,0.03
SYN_003060,1,0.03
SYN_003061,1,0.03
SYN_003062,1,0.03
SYN_003063,1,0.03
SYN_003064,1,0.03
SYN_003065,1,0.03
SYN_003066,1,0.03
SYN_003067,1,0.03
SYN_003069,1,0.03
SYN_003056,1,0.03
SYN_003070,1,0.03
SYN_003071,1,0.03
SYN_003072,1,0.03
SYN_003073,1,0.03
SYN_003074,1,0.03
SYN_003075,1,0.03
SYN_003076,1,0.03
SYN_003077,1,0.03
SYN_003078,1,0.03
SYN_003079,1,0.03
SYN_003057,1,0.03
SYN_003055,1,0.03
SYN_003081,1,0.03
SYN_003042,1,0.03
SYN_003032,1,0.03
SYN_003033,1,0.03
SYN_003034,1,0.03
SYN_003035,1,0.03
SYN_003036,1,0.03
SYN_003037,1,0.03
SYN_003038,1,0.03
SYN_003039,1,0.03
SYN_003040,1,0.03
SYN_003041,1,0.03
SYN_003043,1,0.03
SYN_003054,1,0.03
SYN_003044,1,0.03
SYN_003045,1,0.03
SYN_003046,1,0.03
SYN_003047,1,0.03
SYN_003048,1,0.03
SYN_003049,1,0.03
SYN_003050,1,0.03
SYN_003051,1,0.03
SYN_003052,1,0.03
SYN_003053,1,0.03
SYN_003080,1,0.03
SYN_003082,1,0.03
SMH_003292,1,0.03
SYN_003120,1,0.03
SYN_003110,1,0.03
SYN_003111,1,0.03
SYN_003112,1,0.03
SYN_003113,1,0.03
SYN_003114,1,0.03
SYN_003115,1,0.03
SYN_003116,1,0.03
SYN_003117,1,0.03
SYN_003118,1,0.03
SYN_003119,1,0.03
SYN_003121,1,0.03
SYN_003108,1,0.03
SYN_003122,1,0.03
SYN_003123,1,0.03
SYN_003124,1,0.03
SYN_003125,1,0.03
SYN_003126,1,0.03
SYN_003127,1,0.03
SYN_003128,1,0.03
SYN_003129,1,0.03
SYN_003130,1,0.03
SYN_003131,1,0.03
SYN_003109,1,0.03
SYN_003107,1,0.03
SYN_003083,1,0.03
SYN_003094,1,0.03
SYN_003084,1,0.03
SYN_003085,1,0.03
SYN_003086,1,0.03
SYN_003087,1,0.03
SYN_003088,1,0.03
SYN_003089,1,0.03
SYN_003090,1,0.03
SYN_003091,1,0.03
SYN_003092,1,0.03
SYN_003093,1,0.03
SYN_003095,1,0.03
SYN_003106,1,0.03
SYN_003096,1,0.03
SYN_003097,1,0.03
SYN_003098,1,0.03
SYN_003099,1,0.03
SYN_003100,1,0.03
SYN_003101,1,0.03
SYN_003102,1,0.03
SYN_003103,1,0.03
SYN_003104,1,0.03
SYN_003105,1,0.03
SYN_003031,1,0.03
SYN_003030,1,0.03
SYN_003029,1,0.03
SYN_002965,1,0.03
SYN_002955,1,0.03
SYN_002956,1,0.03
SYN_002957,1,0.03
SYN_002958,1,0.03
SYN_002959,1,0.03
SYN_002960,1,0.03
SYN_002961,1,0.03
SYN_002962,1,0.03
SYN_002963,1,0.03
SYN_002964,1,0.03
SYN_002966,1,0.03
SYN_002953,1,0.03
SYN_002967,1,0.03
SYN_002968,1,0.03
SYN_002969,1,0.03
SYN_002970,1,0.03
SYN_002971,1,0.03
SYN_002972,1,0.03
SYN_002973,1,0.03
SYN_002974,1,0.03
SYN_002975,1,0.03
SYN_002976,1,0.03
SYN_002954,1,0.03
SYN_002952,1,0.03
SYN_003028,1,0.03
SMH_003303,1,0.03
SMH_003293,1,0.03
SMH_003294,1,0.03
SMH_003295,1,0.03
SMH_003296,1,0.03
SMH_003297,1,0.03
SMH_003298,1,0.03
SMH_003299,1,0.03
SMH_003300,1,0.03
SMH_003301,1,0.03
SMH_003302,1,0.03
SMH_003304,1,0.03
SYN_002951,1,0.03
SMH_003305,1,0.03
SMH_003306,1,0.03
SMH_003307,1,0.03
SMH_003308,1,0.03
SMH_003309,1,0.03
SMH_003310,1,0.03
SMH_003311,1,0.03
SMH_003312,1,0.03
SMH_003313,1,0.03
SYN_002950,1,0.03
SYN_002977,1,0.03
SYN_002978,1,0.03
SYN_002979,1,0.03
SYN_003016,1,0.03
SYN_003006,1,0.03
SYN_003007,1,0.03
SYN_003008,1,0.03
SYN_003009,1,0.03
SYN_003010,1,0.03
SYN_003011,1,0.03
SYN_003012,1,0.03
SYN_003013,1,0.03
SYN_003014,1,0.03
SYN_003015,1,0.03
SYN_003017,1,0.03
SYN_002980,1,0.03
SYN_003018,1,0.03
SYN_003019,1,0.03
SYN_003020,1,0.03
SYN_003021,1,0.03
SYN_003022,1,0.03
SYN_003023,1,0.03
SYN_003024,1,0.03
SYN_003025,1,0.03
SYN_003026,1,0.03
SYN_003027,1,0.03
SYN_003005,1,0.03
SYN_003004,1,0.03
SYN_003003,1,0.03
SYN_003002,1,0.03
SYN_002981,1,0.03
SYN_002982,1,0.03
SYN_002983,1,0.03
SYN_002984,1,0.03
SYN_002985,1,0.03
SYN_002986,1,0.03
SYN_002987,1,0.03
SYN_002988,1,0.03
SYN_002989,1,0.03
SYN_002990,1,0.03
SYN_002991,1,0.03
SYN_002992,1,0.03
SYN_002993,1,0.03
SYN_002994,1,0.03
SYN_002995,1,0.03
SYN_002996,1,0.03
SYN_002997,1,0.03
SYN_002998,1,0.03
SYN_002999,1,0.03
SYN_003000,1,0.03
SYN_003001,1,0.03
PURE_002653,1,0.03
PURE_002652,1,0.03
PURE_002651,1,0.03
PURE_002379,1,0.03
PURE_002369,1,0.03
PURE_002370,1,0.03
PURE_002371,1,0.03
PURE_002372,1,0.03
PURE_002373,1,0.03
PURE_002374,1,0.03
PURE_002375,1,0.03
PURE_002376,1,0.03
PURE_002377,1,0.03
PURE_002378,1,0.03
PURE_002380,1,0.03
PURE_002367,1,0.03
PURE_002381,1,0.03
PURE_002382,1,0.03
PURE_002383,1,0.03
PURE_002384,1,0.03
PURE_002385,1,0.03
PURE_002386,1,0.03
PURE_002387,1,0.03
PURE_002388,1,0.03
PURE_002389,1,0.03
PURE_002390,1,0.03
PURE_002368,1,0.03
PURE_002366,1,0.03
PURE_002392,1,0.03
PURE_002353,1,0.03
PURE_002343,1,0.03
PURE_002344,1,0.03
PURE_002345,1,0.03
PURE_002346,1,0.03
PURE_002347,1,0.03
PURE_002348,1,0.03
PURE_002349,1,0.03
PURE_002350,1,0.03
PURE_002351,1,0.03
PURE_002352,1,0.03
PURE_002354,1,0.03
PURE_002365,1,0.03
PURE_002355,1,0.03
PURE_002356,1,0.03
PURE_002357,1,0.03
PURE_002358,1,0.03
PURE_002359,1,0.03
PURE_002360,1,0.03
PURE_002361,1,0.03
PURE_002362,1,0.03
PURE_002363,1,0.03
PURE_002364,1,0.03
PURE_002391,1,0.03
PURE_002393,1,0.03
PURE_002444,1,0.03
PURE_002431,1,0.03
PURE_002421,1,0.03
PURE_002422,1,0.03
PURE_002423,1,0.03
PURE_002424,1,0.03
PURE_002425,1,0.03
PURE_002426,1,0.03
PURE_002427,1,0.03
PURE_002428,1,0.03
PURE_002429,1,0.03
PURE_002430,1,0.03
PURE_002432,1,0.03
PURE_002419,1,0.03
PURE_002433,1,0.03
PURE_002434,1,0.03
PURE_002435,1,0.03
PURE_002436,1,0.03
PURE_002437,1,0.03
PURE_002438,1,0.03
PURE_002439,1,0.03
PURE_002440,1,0.03
PURE_002441,1,0.03
PURE_002442,1,0.03
PURE_002420,1,0.03
PURE_002418,1,0.03
PURE_002394,1,0.03
PURE_002405,1,0.03
PURE_002395,1,0.03
PURE_002396,1,0.03
PURE_002397,1,0.03
PURE_002398,1,0.03
PURE_002399,1,0.03
PURE_002400,1,0.03
PURE_002401,1,0.03
PURE_002402,1,0.03
PURE_002403,1,0.03
PURE_002404,1,0.03
PURE_002406,1,0.03
PURE_002417,1,0.03
PURE_002407,1,0.03
PURE_002408,1,0.03
PURE_002409,1,0.03
PURE_002410,1,0.03
PURE_002411,1,0.03
PURE_002412,1,0.03
PURE_002413,1,0.03
PURE_002414,1,0.03
PURE_002415,1,0.03
PURE_002416,1,0.03
PURE_002342,1,0.03
PURE_002341,1,0.03
PURE_002340,1,0.03
PURE_002276,1,0.03
PURE_002266,1,0.03
PURE_002267,1,0.03
PURE_002268,1,0.03
PURE_002269,1,0.03
PURE_002270,1,0.03
PURE_002271,1,0.03
PURE_002272,1,0.03
PURE_002273,1,0.03
PURE_002274,1,0.03
PURE_002275,1,0.03
PURE_002277,1,0.03
PURE_002264,1,0.03
PURE_002278,1,0.03
PURE_002279,1,0.03
PURE_002280,1,0.03
PURE_002281,1,0.03
PURE_002282,1,0.03
PURE_002283,1,0.03
PURE_002284,1,0.03
PURE_002285,1,0.03
PURE_002286,1,0.03
PURE_002287,1,0.03
PURE_002265,1,0.03
PURE_002263,1,0.03
PURE_002339,1,0.03
PURE_002250,1,0.03
PURE_002240,1,0.03
PURE_002241,1,0.03
PURE_002242,1,0.03
PURE_002243,1,0.03
PURE_002244,1,0.03
PURE_002245,1,0.03
PURE_002246,1,0.03
PURE_002247,1,0.03
PURE_002248,1,0.03
PURE_002249,1,0.03
PURE_002251,1,0.03
PURE_002262,1,0.03
PURE_002252,1,0.03
PURE_002253,1,0.03
PURE_002254,1,0.03
PURE_002255,1,0.03
PURE_002256,1,0.03
PURE_002257,1,0.03
PURE_002258,1,0.03
PURE_002259,1,0.03
PURE_002260,1,0.03
PURE_002261,1,0.03
PURE_002288,1,0.03
PURE_002289,1,0.03
PURE_002290,1,0.03
PURE_002327,1,0.03
PURE_002317,1,0.03
PURE_002318,1,0.03
PURE_002319,1,0.03
PURE_002320,1,0.03
PURE_002321,1,0.03
PURE_002322,1,0.03
PURE_002323,1,0.03
PURE_002324,1,0.03
PURE_002325,1,0.03
PURE_002326,1,0.03
PURE_002328,1,0.03
PURE_002291,1,0.03
PURE_002329,1,0.03
PURE_002330,1,0.03
PURE_002331,1,0.03
PURE_002332,1,0.03
PURE_002333,1,0.03
PURE_002334,1,0.03
PURE_002335,1,0.03
PURE_002336,1,0.03
PURE_002337,1,0.03
PURE_002338,1,0.03
PURE_002316,1,0.03
PURE_002315,1,0.03
PURE_002314,1,0.03
PURE_002313,1,0.03
PURE_002292,1,0.03
PURE_002293,1,0.03
PURE_002294,1,0.03
PURE_002295,1,0.03
PURE_002296,1,0.03
PURE_002297,1,0.03
PURE_002298,1,0.03
PURE_002299,1,0.03
PURE_002300,1,0.03
PURE_002301,1,0.03
PURE_002302,1,0.03
PURE_002303,1,0.03
PURE_002304,1,0.03
PURE_002305,1,0.03
PURE_002306,1,0.03
PURE_002307,1,0.03
PURE_002308,1,0.03
PURE_002309,1,0.03
PURE_002310,1,0.03
PURE_002311,1,0.03
PURE_002312,1,0.03
PURE_002443,1,0.03
PURE_002445,1,0.03
PURE_002650,1,0.03
PURE_002586,1,0.03
PURE_002576,1,0.03
PURE_002577,1,0.03
PURE_002578,1,0.03
PURE_002579,1,0.03
PURE_002580,1,0.03
PURE_002581,1,0.03
PURE_002582,1,0.03
PURE_002583,1,0.03
PURE_002584,1,0.03
PURE_002585,1,0.03
PURE_002587,1,0.03
PURE_002574,1,0.03
PURE_002588,1,0.03
PURE_002589,1,0.03
PURE_002590,1,0.03
PURE_002591,1,0.03
PURE_002592,1,0.03
PURE_002593,1,0.03
PURE_002594,1,0.03
PURE_002595,1,0.03
PURE_002596,1,0.03
PURE_002597,1,0.03
PURE_002575,1,0.03
PURE_002573,1,0.03
PURE_002599,1,0.03
PURE_002560,1,0.03
PURE_002550,1,0.03
PURE_002551,1,0.03
PURE_002552,1,0.03
PURE_002553,1,0.03
PURE_002554,1,0.03
PURE_002555,1,0.03
PURE_002556,1,0.03
PURE_002557,1,0.03
PURE_002558,1,0.03
PURE_002559,1,0.03
PURE_002561,1,0.03
PURE_002572,1,0.03
PURE_002562,1,0.03
PURE_002563,1,0.03
PURE_002564,1,0.03
PURE_002565,1,0.03
PURE_002566,1,0.03
PURE_002567,1,0.03
PURE_002568,1,0.03
PURE_002569,1,0.03
PURE_002570,1,0.03
PURE_002571,1,0.03
PURE_002598,1,0.03
PURE_002600,1,0.03
PURE_002446,1,0.03
PURE_002638,1,0.03
PURE_002628,1,0.03
PURE_002629,1,0.03
PURE_002630,1,0.03
PURE_002631,1,0.03
PURE_002632,1,0.03
PURE_002633,1,0.03
PURE_002634,1,0.03
PURE_002635,1,0.03
PURE_002636,1,0.03
PURE_002637,1,0.03
PURE_002639,1,0.03
PURE_002626,1,0.03
PURE_002640,1,0.03
PURE_002641,1,0.03
PURE_002642,1,0.03
PURE_002643,1,0.03
PURE_002644,1,0.03
PURE_002645,1,0.03
PURE_002646,1,0.03
PURE_002647,1,0.03
PURE_002648,1,0.03
PURE_002649,1,0.03
PURE_002627,1,0.03
PURE_002625,1,0.03
PURE_002601,1,0.03
PURE_002612,1,0.03
PURE_002602,1,0.03
PURE_002603,1,0.03
PURE_002604,1,0.03
PURE_002605,1,0.03
PURE_002606,1,0.03
PURE_002607,1,0.03
PURE_002608,1,0.03
PURE_002609,1,0.03
PURE_002610,1,0.03
PURE_002611,1,0.03
PURE_002613,1,0.03
PURE_002624,1,0.03
PURE_002614,1,0.03
PURE_002615,1,0.03
PURE_002616,1,0.03
PURE_002617,1,0.03
PURE_002618,1,0.03
PURE_002619,1,0.03
PURE_002620,1,0.03
PURE_002621,1,0.03
PURE_002622,1,0.03
PURE_002623,1,0.03
PURE_002549,1,0.03
PURE_002548,1,0.03
PURE_002547,1,0.03
PURE_002483,1,0.03
PURE_002473,1,0.03
PURE_002474,1,0.03
PURE_002475,1,0.03
PURE_002476,1,0.03
PURE_002477,1,0.03
PURE_002478,1,0.03
PURE_002479,1,0.03
PURE_002480,1,0.03
PURE_002481,1,0.03
PURE_002482,1,0.03
PURE_002484,1,0.03
PURE_002471,1,0.03
PURE_002485,1,0.03
PURE_002486,1,0.03
PURE_002487,1,0.03
PURE_002488,1,0.03
PURE_002489,1,0.03
PURE_002490,1,0.03
PURE_002491,1,0.03
PURE_002492,1,0.03
PURE_002493,1,0.03
PURE_002494,1,0.03
PURE_002472,1,0.03
PURE_002470,1,0.03
PURE_002546,1,0.03
PURE_002457,1,0.03
PURE_002447,1,0.03
PURE_002448,1,0.03
PURE_002449,1,0.03
PURE_002450,1,0.03
PURE_002451,1,0.03
PURE_002452,1,0.03
PURE_002453,1,0.03
PURE_002454,1,0.03
PURE_002455,1,0.03
PURE_002456,1,0.03
PURE_002458,1,0.03
PURE_002469,1,0.03
PURE_002459,1,0.03
PURE_002460,1,0.03
PURE_002461,1,0.03
PURE_002462,1,0.03
PURE_002463,1,0.03
PURE_002464,1,0.03
PURE_002465,1,0.03
PURE_002466,1,0.03
PURE_002467,1,0.03
PURE_002468,1,0.03
PURE_002495,1,0.03
PURE_002496,1,0.03
PURE_002497,1,0.03
PURE_002534,1,0.03
PURE_002524,1,0.03
PURE_002525,1,0.03
PURE_002526,1,0.03
PURE_002527,1,0.03
PURE_002528,1,0.03
PURE_002529,1,0.03
PURE_002530,1,0.03
PURE_002531,1,0.03
PURE_002532,1,0.03
PURE_002533,1,0.03
PURE_002535,1,0.03
PURE_002498,1,0.03
PURE_002536,1,0.03
PURE_002537,1,0.03
PURE_002538,1,0.03
PURE_002539,1,0.03
PURE_002540,1,0.03
PURE_002541,1,0.03
PURE_002542,1,0.03
PURE_002543,1,0.03
PURE_002544,1,0.03
PURE_002545,1,0.03
PURE_002523,1,0.03
PURE_002522,1,0.03
PURE_002521,1,0.03
PURE_002520,1,0.03
PURE_002499,1,0.03
PURE_002500,1,0.03
PURE_002501,1,0.03
PURE_002502,1,0.03
PURE_002503,1,0.03
PURE_002504,1,0.03
PURE_002505,1,0.03
PURE_002506,1,0.03
PURE_002507,1,0.03
PURE_002508,1,0.03
PURE_002509,1,0.03
PURE_002510,1,0.03
PURE_002511,1,0.03
PURE_002512,1,0.03
PURE_002513,1,0.03
PURE_002514,1,0.03
PURE_002515,1,0.03
PURE_002516,1,0.03
PURE_002517,1,0.03
PURE_002518,1,0.03
PURE_002519,1,0.03
PURE_001410,1,0.03
PURE_001409,1,0.03
PURE_001408,1,0.03
PURE_000308,1,0.03
PURE_000298,1,0.03
PURE_000299,1,0.03
PURE_000300,1,0.03
PURE_000301,1,0.03
PURE_000302,1,0.03
PURE_000303,1,0.03
PURE_000304,1,0.03
PURE_000305,1,0.03
PURE_000306,1,0.03
PURE_000307,1,0.03
PURE_000309,1,0.03
PURE_000296,1,0.03
PURE_000310,1,0.03
PURE_000311,1,0.03
PURE_000312,1,0.03
PURE_000313,1,0.03
PURE_000314,1,0.03
PURE_000315,1,0.03
PURE_000316,1,0.03
PURE_000317,1,0.03
PURE_000318,1,0.03
PURE_000319,1,0.03
PURE_000297,1,0.03
PURE_000295,1,0.03
PURE_000321,1,0.03
PURE_000282,1,0.03
PURE_000272,1,0.03
PURE_000273,1,0.03
PURE_000274,1,0.03
PURE_000275,1,0.03
PURE_000276,1,0.03
PURE_000277,1,0.03
PURE_000278,1,0.03
PURE_000279,1,0.03
PURE_000280,1,0.03
PURE_000281,1,0.03
PURE_000283,1,0.03
PURE_000294,1,0.03
PURE_000284,1,0.03
PURE_000285,1,0.03
PURE_000286,1,0.03
PURE_000287,1,0.03
PURE_000288,1,0.03
PURE_000289,1,0.03
PURE_000290,1,0.03
PURE_000291,1,0.03
PURE_000292,1,0.03
PURE_000293,1,0.03
PURE_000320,1,0.03
PURE_000322,1,0.03
PURE_000270,1,0.03
PURE_000360,1,0.03
PURE_000350,1,0.03
PURE_000351,1,0.03
PURE_000352,1,0.03
PURE_000353,1,0.03
PURE_000354,1,0.03
PURE_000355,1,0.03
PURE_000356,1,0.03
PURE_000357,1,0.03
PURE_000358,1,0.03
PURE_000359,1,0.03
PURE_000361,1,0.03
PURE_000348,1,0.03
PURE_000362,1,0.03
PURE_000363,1,0.03
PURE_000364,1,0.03
PURE_000365,1,0.03
PURE_000366,1,0.03
PURE_000367,1,0.03
PURE_000368,1,0.03
PURE_000369,1,0.03
PURE_000370,1,0.03
PURE_000371,1,0.03
PURE_000349,1,0.03
PURE_000347,1,0.03
PURE_000323,1,0.03
PURE_000334,1,0.03
PURE_000324,1,0.03
PURE_000325,1,0.03
PURE_000326,1,0.03
PURE_000327,1,0.03
PURE_000328,1,0.03
PURE_000329,1,0.03
PURE_000330,1,0.03
PURE_000331,1,0.03
PURE_000332,1,0.03
PURE_000333,1,0.03
PURE_000335,1,0.03
PURE_000346,1,0.03
PURE_000336,1,0.03
PURE_000337,1,0.03
PURE_000338,1,0.03
PURE_000339,1,0.03
PURE_000340,1,0.03
PURE_000341,1,0.03
PURE_000342,1,0.03
PURE_000343,1,0.03
PURE_000344,1,0.03
PURE_000345,1,0.03
PURE_000271,1,0.03
PURE_000269,1,0.03
PURE_001407,1,0.03
PURE_000204,1,0.03
PURE_000194,1,0.03
PURE_000195,1,0.03
PURE_000196,1,0.03
PURE_000197,1,0.03
PURE_000198,1,0.03
PURE_000199,1,0.03
PURE_000200,1,0.03
PURE_000201,1,0.03
PURE_000202,1,0.03
PURE_000203,1,0.03
PURE_000205,1,0.03
PURE_000192,1,0.03
PURE_000206,1,0.03
PURE_000207,1,0.03
PURE_000208,1,0.03
PURE_000209,1,0.03
PURE_000210,1,0.03
PURE_000211,1,0.03
PURE_000212,1,0.03
PURE_000213,1,0.03
PURE_000214,1,0.03
PURE_000215,1,0.03
PURE_000193,1,0.03
PURE_000191,1,0.03
PURE_000217,1,0.03
PURE_000178,1,0.03
PURE_000168,1,0.03
PURE_000169,1,0.03
PURE_000170,1,0.03
PURE_000171,1,0.03
PURE_000172,1,0.03
PURE_000173,1,0.03
PURE_000174,1,0.03
PURE_000175,1,0.03
PURE_000176,1,0.03
PURE_000177,1,0.03
PURE_000179,1,0.03
PURE_000190,1,0.03
PURE_000180,1,0.03
PURE_000181,1,0.03
PURE_000182,1,0.03
PURE_000183,1,0.03
PURE_000184,1,0.03
PURE_000185,1,0.03
PURE_000186,1,0.03
PURE_000187,1,0.03
PURE_000188,1,0.03
PURE_000189,1,0.03
PURE_000216,1,0.03
PURE_000218,1,0.03
PURE_000268,1,0.03
PURE_000256,1,0.03
PURE_000246,1,0.03
PURE_000247,1,0.03
PURE_000248,1,0.03
PURE_000249,1,0.03
PURE_000250,1,0.03
PURE_000251,1,0.03
PURE_000252,1,0.03
PURE_000253,1,0.03
PURE_000254,1,0.03
PURE_000255,1,0.03
PURE_000257,1,0.03
PURE_000244,1,0.03
PURE_000258,1,0.03
PURE_000259,1,0.03
PURE_000260,1,0.03
PURE_000261,1,0.03
PURE_000262,1,0.03
PURE_000263,1,0.03
PURE_000264,1,0.03
PURE_000265,1,0.03
PURE_000266,1,0.03
PURE_000267,1,0.03
PURE_000245,1,0.03
PURE_000243,1,0.03
PURE_000219,1,0.03
PURE_000230,1,0.03
PURE_000220,1,0.03
PURE_000221,1,0.03
PURE_000222,1,0.03
PURE_000223,1,0.03
PURE_000224,1,0.03
PURE_000225,1,0.03
PURE_000226,1,0.03
PURE_000227,1,0.03
PURE_000228,1,0.03
PURE_000229,1,0.03
PURE_000231,1,0.03
PURE_000242,1,0.03
PURE_000232,1,0.03
PURE_000233,1,0.03
PURE_000234,1,0.03
PURE_000235,1,0.03
PURE_000236,1,0.03
PURE_000237,1,0.03
PURE_000238,1,0.03
PURE_000239,1,0.03
PURE_000240,1,0.03
PURE_000241,1,0.03
PURE_000372,1,0.03
PURE_000373,1,0.03
PURE_000374,1,0.03
PURE_000515,1,0.03
PURE_000505,1,0.03
PURE_000506,1,0.03
PURE_000507,1,0.03
PURE_000508,1,0.03
PURE_000509,1,0.03
PURE_000510,1,0.03
PURE_000511,1,0.03
PURE_000512,1,0.03
PURE_000513,1,0.03
PURE_000514,1,0.03
PURE_000516,1,0.03
PURE_000503,1,0.03
PURE_000517,1,0.03
PURE_000518,1,0.03
PURE_000519,1,0.03
PURE_000520,1,0.03
PURE_000521,1,0.03
PURE_000522,1,0.03
PURE_000523,1,0.03
PURE_000524,1,0.03
PURE_000525,1,0.03
PURE_000526,1,0.03
PURE_000504,1,0.03
PURE_000502,1,0.03
PURE_000528,1,0.03
PURE_000489,1,0.03
PURE_000479,1,0.03
PURE_000480,1,0.03
PURE_000481,1,0.03
PURE_000482,1,0.03
PURE_000483,1,0.03
PURE_000484,1,0.03
PURE_000485,1,0.03
PURE_000486,1,0.03
PURE_000487,1,0.03
PURE_000488,1,0.03
PURE_000490,1,0.03
PURE_000501,1,0.03
PURE_000491,1,0.03
PURE_000492,1,0.03
PURE_000493,1,0.03
PURE_000494,1,0.03
PURE_000495,1,0.03
PURE_000496,1,0.03
PURE_000497,1,0.03
PURE_000498,1,0.03
PURE_000499,1,0.03
PURE_000500,1,0.03
PURE_000527,1,0.03
PURE_000529,1,0.03
PURE_000375,1,0.03
PURE_000567,1,0.03
PURE_000557,1,0.03
PURE_000558,1,0.03
PURE_000559,1,0.03
PURE_000560,1,0.03
PURE_000561,1,0.03
PURE_000562,1,0.03
PURE_000563,1,0.03
PURE_000564,1,0.03
PURE_000565,1,0.03
PURE_000566,1,0.03
PURE_000568,1,0.03
PURE_000555,1,0.03
PURE_000569,1,0.03
PURE_000570,1,0.03
PURE_000571,1,0.03
PURE_000572,1,0.03
PURE_000573,1,0.03
PURE_000574,1,0.03
PURE_000575,1,0.03
PURE_000576,1,0.03
PURE_000577,1,0.03
PURE_000578,1,0.03
PURE_000556,1,0.03
PURE_000554,1,0.03
PURE_000530,1,0.03
PURE_000541,1,0.03
PURE_000531,1,0.03
PURE_000532,1,0.03
PURE_000533,1,0.03
PURE_000534,1,0.03
PURE_000535,1,0.03
PURE_000536,1,0.03
PURE_000537,1,0.03
PURE_000538,1,0.03
PURE_000539,1,0.03
PURE_000540,1,0.03
PURE_000542,1,0.03
PURE_000553,1,0.03
PURE_000543,1,0.03
PURE_000544,1,0.03
PURE_000545,1,0.03
PURE_000546,1,0.03
PURE_000547,1,0.03
PURE_000548,1,0.03
PURE_000549,1,0.03
PURE_000550,1,0.03
PURE_000551,1,0.03
PURE_000552,1,0.03
PURE_000478,1,0.03
PURE_000477,1,0.03
PURE_000476,1,0.03
PURE_000412,1,0.03
PURE_000402,1,0.03
PURE_000403,1,0.03
PURE_000404,1,0.03
PURE_000405,1,0.03
PURE_000406,1,0.03
PURE_000407,1,0.03
PURE_000408,1,0.03
PURE_000409,1,0.03
PURE_000410,1,0.03
PURE_000411,1,0.03
PURE_000413,1,0.03
PURE_000400,1,0.03
PURE_000414,1,0.03
PURE_000415,1,0.03
PURE_000416,1,0.03
PURE_000417,1,0.03
PURE_000418,1,0.03
PURE_000419,1,0.03
PURE_000420,1,0.03
PURE_000421,1,0.03
PURE_000422,1,0.03
PURE_000423,1,0.03
PURE_000401,1,0.03
PURE_000399,1,0.03
PURE_000475,1,0.03
PURE_000386,1,0.03
PURE_000376,1,0.03
PURE_000377,1,0.03
PURE_000378,1,0.03
PURE_000379,1,0.03
PURE_000380,1,0.03
PURE_000381,1,0.03
PURE_000382,1,0.03
PURE_000383,1,0.03
PURE_000384,1,0.03
PURE_000385,1,0.03
PURE_000387,1,0.03
PURE_000398,1,0.03
PURE_000388,1,0.03
PURE_000389,1,0.03
PURE_000390,1,0.03
PURE_000391,1,0.03
PURE_000392,1,0.03
PURE_000393,1,0.03
PURE_000394,1,0.03
PURE_000395,1,0.03
PURE_000396,1,0.03
PURE_000397,1,0.03
PURE_000424,1,0.03
PURE_000425,1,0.03
PURE_000426,1,0.03
PURE_000463,1,0.03
PURE_000453,1,0.03
PURE_000454,1,0.03
PURE_000455,1,0.03
PURE_000456,1,0.03
PURE_000457,1,0.03
PURE_000458,1,0.03
PURE_000459,1,0.03
PURE_000460,1,0.03
PURE_000461,1,0.03
PURE_000462,1,0.03
PURE_000464,1,0.03
PURE_000427,1,0.03
PURE_000465,1,0.03
PURE_000466,1,0.03
PURE_000467,1,0.03
PURE_000468,1,0.03
PURE_000469,1,0.03
PURE_000470,1,0.03
PURE_000471,1,0.03
PURE_000472,1,0.03
PURE_000473,1,0.03
PURE_000474,1,0.03
PURE_000452,1,0.03
PURE_000451,1,0.03
PURE_000450,1,0.03
PURE_000449,1,0.03
PURE_000428,1,0.03
PURE_000429,1,0.03
PURE_000430,1,0.03
PURE_000431,1,0.03
PURE_000432,1,0.03
PURE_000433,1,0.03
PURE_000434,1,0.03
PURE_000435,1,0.03
PURE_000436,1,0.03
PURE_000437,1,0.03
PURE_000438,1,0.03
PURE_000439,1,0.03
PURE_000440,1,0.03
PURE_000441,1,0.03
PURE_000442,1,0.03
PURE_000443,1,0.03
PURE_000444,1,0.03
PURE_000445,1,0.03
PURE_000446,1,0.03
PURE_000447,1,0.03
PURE_000448,1,0.03
PURE_000167,1,0.03
PURE_000166,1,0.03
PURE_000165,1,0.03
DOM_003274,1,0.03
DOM_003264,1,0.03
DOM_003265,1,0.03
DOM_003266,1,0.03
DOM_003267,1,0.03
DOM_003268,1,0.03
DOM_003269,1,0.03
DOM_003270,1,0.03
DOM_003271,1,0.03
DOM_003272,1,0.03
DOM_003273,1,0.03
DOM_003275,1,0.03
DOM_003262,1,0.03
DOM_003276,1,0.03
DOM_003277,1,0.03
DOM_003278,1,0.03
DOM_003279,1,0.03
DOM_003280,1,0.03
DOM_003281,1,0.03
DOM_003282,1,0.03
DOM_003283,1,0.03
NASA_002853,1,0.03
NASA_002854,1,0.03
DOM_003263,1,0.03
DOM_003261,1,0.03
NASA_002856,1,0.03
DOM_003248,1,0.03
DOM_003238,1,0.03
DOM_003239,1,0.03
DOM_003240,1,0.03
DOM_003241,1,0.03
DOM_003242,1,0.03
DOM_003243,1,0.03
DOM_003244,1,0.03
DOM_003245,1,0.03
DOM_003246,1,0.03
DOM_003247,1,0.03
DOM_003249,1,0.03
DOM_003260,1,0.03
DOM_003250,1,0.03
DOM_003251,1,0.03
DOM_003252,1,0.03
DOM_003253,1,0.03
DOM_003254,1,0.03
DOM_003255,1,0.03
DOM_003256,1,0.03
DOM_003257,1,0.03
DOM_003258,1,0.03
DOM_003259,1,0.03
NASA_002855,1,0.03
NASA_002857,1,0.03
NASA_002908,1,0.03
NASA_002895,1,0.03
NASA_002885,1,0.03
NASA_002886,1,0.03
NASA_002887,1,0.03
NASA_002888,1,0.03
NASA_002889,1,0.03
NASA_002890,1,0.03
NASA_002891,1,0.03
NASA_002892,1,0.03
NASA_002893,1,0.03
NASA_002894,1,0.03
NASA_002896,1,0.03
NASA_002883,1,0.03
NASA_002897,1,0.03
NASA_002898,1,0.03
NASA_002899,1,0.03
NASA_002900,1,0.03
NASA_002901,1,0.03
NASA_002902,1,0.03
NASA_002903,1,0.03
NASA_002904,1,0.03
NASA_002905,1,0.03
NASA_002906,1,0.03
NASA_002884,1,0.03
NASA_002882,1,0.03
NASA_002858,1,0.03
NASA_002869,1,0.03
NASA_002859,1,0.03
NASA_002860,1,0.03
NASA_002861,1,0.03
NASA_002862,1,0.03
NASA_002863,1,0.03
NASA_002864,1,0.03
NASA_002865,1,0.03
NASA_002866,1,0.03
NASA_002867,1,0.03
NASA_002868,1,0.03
NASA_002870,1,0.03
NASA_002881,1,0.03
NASA_002871,1,0.03
NASA_002872,1,0.03
NASA_002873,1,0.03
NASA_002874,1,0.03
NASA_002875,1,0.03
NASA_002876,1,0.03
NASA_002877,1,0.03
NASA_002878,1,0.03
NASA_002879,1,0.03
NASA_002880,1,0.03
DOM_003237,1,0.03
DOM_003236,1,0.03
DOM_003235,1,0.03
DOM_003171,1,0.03
DOM_003161,1,0.03
DOM_003162,1,0.03
DOM_003163,1,0.03
DOM_003164,1,0.03
DOM_003165,1,0.03
DOM_003166,1,0.03
DOM_003167,1,0.03
DOM_003168,1,0.03
DOM_003169,1,0.03
DOM_003170,1,0.03
DOM_003172,1,0.03
DOM_003159,1,0.03
DOM_003173,1,0.03
DOM_003174,1,0.03
DOM_003175,1,0.03
DOM_003176,1,0.03
DOM_003177,1,0.03
DOM_003178,1,0.03
DOM_003179,1,0.03
DOM_003180,1,0.03
DOM_003181,1,0.03
DOM_003182,1,0.03
DOM_003160,1,0.03
DOM_003158,1,0.03
DOM_003234,1,0.03
DOM_003145,1,0.03
DOM_003135,1,0.03
DOM_003136,1,0.03
DOM_003137,1,0.03
DOM_003138,1,0.03
DOM_003139,1,0.03
DOM_003140,1,0.03
DOM_003141,1,0.03
DOM_003142,1,0.03
DOM_003143,1,0.03
DOM_003144,1,0.03
DOM_003146,1,0.03
DOM_003157,1,0.03
DOM_003147,1,0.03
DOM_003148,1,0.03
DOM_003149,1,0.03
DOM_003150,1,0.03
DOM_003151,1,0.03
DOM_003152,1,0.03
DOM_003153,1,0.03
DOM_003154,1,0.03
DOM_003155,1,0.03
DOM_003156,1,0.03
DOM_003183,1,0.03
DOM_003184,1,0.03
DOM_003185,1,0.03
DOM_003222,1,0.03
DOM_003212,1,0.03
DOM_003213,1,0.03
DOM_003214,1,0.03
DOM_003215,1,0.03
DOM_003216,1,0.03
DOM_003217,1,0.03
DOM_003218,1,0.03
DOM_003219,1,0.03
DOM_003220,1,0.03
DOM_003221,1,0.03
DOM_003223,1,0.03
DOM_003186,1,0.03
DOM_003224,1,0.03
DOM_003225,1,0.03
DOM_003226,1,0.03
DOM_003227,1,0.03
DOM_003228,1,0.03
DOM_003229,1,0.03
DOM_003230,1,0.03
DOM_003231,1,0.03
DOM_003232,1,0.03
DOM_003233,1,0.03
DOM_003211,1,0.03
DOM_003210,1,0.03
DOM_003209,1,0.03
DOM_003208,1,0.03
DOM_003187,1,0.03
DOM_003188,1,0.03
DOM_003189,1,0.03
DOM_003190,1,0.03
DOM_003191,1,0.03
DOM_003192,1,0.03
DOM_003193,1,0.03
DOM_003194,1,0.03
DOM_003195,1,0.03
DOM_003196,1,0.03
DOM_003197,1,0.03
DOM_003198,1,0.03
DOM_003199,1,0.03
DOM_003200,1,0.03
DOM_003201,1,0.03
DOM_003202,1,0.03
DOM_003203,1,0.03
DOM_003204,1,0.03
DOM_003205,1,0.03
DOM_003206,1,0.03
DOM_003207,1,0.03
NASA_002907,1,0.03
NASA_002909,1,0.03
PURE_000164,1,0.03
PURE_000100,1,0.03
PURE_000090,1,0.03
PURE_000091,1,0.03
PURE_000092,1,0.03
PURE_000093,1,0.03
PURE_000094,1,0.03
PURE_000095,1,0.03
PURE_000096,1,0.03
PURE_000097,1,0.03
PURE_000098,1,0.03
PURE_000099,1,0.03
PURE_000101,1,0.03
PURE_000088,1,0.03
PURE_000102,1,0.03
PURE_000103,1,0.03
PURE_000104,1,0.03
PURE_000105,1,0.03
PURE_000106,1,0.03
PURE_000107,1,0.03
PURE_000108,1,0.03
PURE_000109,1,0.03
PURE_000110,1,0.03
PURE_000111,1,0.03
PURE_000089,1,0.03
PURE_000087,1,0.03
PURE_000113,1,0.03
PURE_000074,1,0.03
PURE_000064,1,0.03
PURE_000065,1,0.03
PURE_000066,1,0.03
PURE_000067,1,0.03
PURE_000068,1,0.03
PURE_000069,1,0.03
PURE_000070,1,0.03
PURE_000071,1,0.03
PURE_000072,1,0.03
PURE_000073,1,0.03
PURE_000075,1,0.03
PURE_000086,1,0.03
PURE_000076,1,0.03
PURE_000077,1,0.03
PURE_000078,1,0.03
PURE_000079,1,0.03
PURE_000080,1,0.03
PURE_000081,1,0.03
PURE_000082,1,0.03
PURE_000083,1,0.03
PURE_000084,1,0.03
PURE_000085,1,0.03
PURE_000112,1,0.03
PURE_000114,1,0.03
NASA_002910,1,0.03
PURE_000152,1,0.03
PURE_000142,1,0.03
PURE_000143,1,0.03
PURE_000144,1,0.03
PURE_000145,1,0.03
PURE_000146,1,0.03
PURE_000147,1,0.03
PURE_000148,1,0.03
PURE_000149,1,0.03
PURE_000150,1,0.03
PURE_000151,1,0.03
PURE_000153,1,0.03
PURE_000140,1,0.03
PURE_000154,1,0.03
PURE_000155,1,0.03
PURE_000156,1,0.03
PURE_000157,1,0.03
PURE_000158,1,0.03
PURE_000159,1,0.03
PURE_000160,1,0.03
PURE_000161,1,0.03
PURE_000162,1,0.03
PURE_000163,1,0.03
PURE_000141,1,0.03
PURE_000139,1,0.03
PURE_000115,1,0.03
PURE_000126,1,0.03
PURE_000116,1,0.03
PURE_000117,1,0.03
PURE_000118,1,0.03
PURE_000119,1,0.03
PURE_000120,1,0.03
PURE_000121,1,0.03
PURE_000122,1,0.03
PURE_000123,1,0.03
PURE_000124,1,0.03
PURE_000125,1,0.03
PURE_000127,1,0.03
PURE_000138,1,0.03
PURE_000128,1,0.03
PURE_000129,1,0.03
PURE_000130,1,0.03
PURE_000131,1,0.03
PURE_000132,1,0.03
PURE_000133,1,0.03
PURE_000134,1,0.03
PURE_000135,1,0.03
PURE_000136,1,0.03
PURE_000137,1,0.03
PURE_000063,1,0.03
PURE_000062,1,0.03
PURE_000061,1,0.03
NASA_002947,1,0.03
NASA_002937,1,0.03
NASA_002938,1,0.03
NASA_002939,1,0.03
NASA_002940,1,0.03
NASA_002941,1,0.03
NASA_002942,1,0.03
NASA_002943,1,0.03
NASA_002944,1,0.03
NASA_002945,1,0.03
NASA_002946,1,0.03
NASA_002948,1,0.03
NASA_002935,1,0.03
NASA_002949,1,0.03
PURE_000000,1,0.03
PURE_000001,1,0.03
PURE_000002,1,0.03
PURE_000003,1,0.03
PURE_000004,1,0.03
PURE_000005,1,0.03
PURE_000006,1,0.03
PURE_000007,1,0.03
PURE_000008,1,0.03
NASA_002936,1,0.03
NASA_002934,1,0.03
PURE_000060,1,0.03
NASA_002921,1,0.03
NASA_002911,1,0.03
NASA_002912,1,0.03
NASA_002913,1,0.03
NASA_002914,1,0.03
NASA_002915,1,0.03
NASA_002916,1,0.03
NASA_002917,1,0.03
NASA_002918,1,0.03
NASA_002919,1,0.03
NASA_002920,1,0.03
NASA_002922,1,0.03
NASA_002933,1,0.03
NASA_002923,1,0.03
NASA_002924,1,0.03
NASA_002925,1,0.03
NASA_002926,1,0.03
NASA_002927,1,0.03
NASA_002928,1,0.03
NASA_002929,1,0.03
NASA_002930,1,0.03
NASA_002931,1,0.03
NASA_002932,1,0.03
PURE_000009,1,0.03
PURE_000010,1,0.03
PURE_000011,1,0.03
PURE_000048,1,0.03
PURE_000038,1,0.03
PURE_000039,1,0.03
PURE_000040,1,0.03
PURE_000041,1,0.03
PURE_000042,1,0.03
PURE_000043,1,0.03
PURE_000044,1,0.03
PURE_000045,1,0.03
PURE_000046,1,0.03
PURE_000047,1,0.03
PURE_000049,1,0.03
PURE_000012,1,0.03
PURE_000050,1,0.03
PURE_000051,1,0.03
PURE_000052,1,0.03
PURE_000053,1,0.03
PURE_000054,1,0.03
PURE_000055,1,0.03
PURE_000056,1,0.03
PURE_000057,1,0.03
PURE_000058,1,0.03
PURE_000059,1,0.03
PURE_000037,1,0.03
PURE_000036,1,0.03
PURE_000035,1,0.03
PURE_000034,1,0.03
PURE_000013,1,0.03
PURE_000014,1,0.03
PURE_000015,1,0.03
PURE_000016,1,0.03
PURE_000017,1,0.03
PURE_000018,1,0.03
PURE_000019,1,0.03
PURE_000020,1,0.03
PURE_000021,1,0.03
PURE_000022,1,0.03
PURE_000023,1,0.03
PURE_000024,1,0.03
PURE_000025,1,0.03
PURE_000026,1,0.03
PURE_000027,1,0.03
PURE_000028,1,0.03
PURE_000029,1,0.03
PURE_000030,1,0.03
PURE_000031,1,0.03
PURE_000032,1,0.03
PURE_000033,1,0.03
PURE_000579,1,0.03
PURE_000580,1,0.03
PURE_000581,1,0.03
PURE_001136,1,0.03
PURE_001126,1,0.03
PURE_001127,1,0.03
PURE_001128,1,0.03
PURE_001129,1,0.03
PURE_001130,1,0.03
PURE_001131,1,0.03
PURE_001132,1,0.03
PURE_001133,1,0.03
PURE_001134,1,0.03
PURE_001135,1,0.03
PURE_001137,1,0.03
PURE_001124,1,0.03
PURE_001138,1,0.03
PURE_001139,1,0.03
PURE_001140,1,0.03
PURE_001141,1,0.03
PURE_001142,1,0.03
PURE_001143,1,0.03
PURE_001144,1,0.03
PURE_001145,1,0.03
PURE_001146,1,0.03
PURE_001147,1,0.03
PURE_001125,1,0.03
PURE_001123,1,0.03
PURE_001149,1,0.03
PURE_001110,1,0.03
PURE_001100,1,0.03
PURE_001101,1,0.03
PURE_001102,1,0.03
PURE_001103,1,0.03
PURE_001104,1,0.03
PURE_001105,1,0.03
PURE_001106,1,0.03
PURE_001107,1,0.03
PURE_001108,1,0.03
PURE_001109,1,0.03
PURE_001111,1,0.03
PURE_001122,1,0.03
PURE_001112,1,0.03
PURE_001113,1,0.03
PURE_001114,1,0.03
PURE_001115,1,0.03
PURE_001116,1,0.03
PURE_001117,1,0.03
PURE_001118,1,0.03
PURE_001119,1,0.03
PURE_001120,1,0.03
PURE_001121,1,0.03
PURE_001148,1,0.03
PURE_001150,1,0.03
PURE_001201,1,0.03
PURE_001188,1,0.03
PURE_001178,1,0.03
PURE_001179,1,0.03
PURE_001180,1,0.03
PURE_001181,1,0.03
PURE_001182,1,0.03
PURE_001183,1,0.03
PURE_001184,1,0.03
PURE_001185,1,0.03
PURE_001186,1,0.03
PURE_001187,1,0.03
PURE_001189,1,0.03
PURE_001176,1,0.03
PURE_001190,1,0.03
PURE_001191,1,0.03
PURE_001192,1,0.03
PURE_001193,1,0.03
PURE_001194,1,0.03
PURE_001195,1,0.03
PURE_001196,1,0.03
PURE_001197,1,0.03
PURE_001198,1,0.03
PURE_001199,1,0.03
PURE_001177,1,0.03
PURE_001175,1,0.03
PURE_001151,1,0.03
PURE_001162,1,0.03
PURE_001152,1,0.03
PURE_001153,1,0.03
PURE_001154,1,0.03
PURE_001155,1,0.03
PURE_001156,1,0.03
PURE_001157,1,0.03
PURE_001158,1,0.03
PURE_001159,1,0.03
PURE_001160,1,0.03
PURE_001161,1,0.03
PURE_001163,1,0.03
PURE_001174,1,0.03
PURE_001164,1,0.03
PURE_001165,1,0.03
PURE_001166,1,0.03
PURE_001167,1,0.03
PURE_001168,1,0.03
PURE_001169,1,0.03
PURE_001170,1,0.03
PURE_001171,1,0.03
PURE_001172,1,0.03
PURE_001173,1,0.03
PURE_001099,1,0.03
PURE_001098,1,0.03
PURE_001097,1,0.03
PURE_001033,1,0.03
PURE_001023,1,0.03
PURE_001024,1,0.03
PURE_001025,1,0.03
PURE_001026,1,0.03
PURE_001027,1,0.03
PURE_001028,1,0.03
PURE_001029,1,0.03
PURE_001030,1,0.03
PURE_001031,1,0.03
PURE_001032,1,0.03
PURE_001034,1,0.03
PURE_001021,1,0.03
PURE_001035,1,0.03
PURE_001036,1,0.03
PURE_001037,1,0.03
PURE_001038,1,0.03
PURE_001039,1,0.03
PURE_001040,1,0.03
PURE_001041,1,0.03
PURE_001042,1,0.03
PURE_001043,1,0.03
PURE_001044,1,0.03
PURE_001022,1,0.03
PURE_001020,1,0.03
PURE_001096,1,0.03
PURE_001007,1,0.03
PURE_000997,1,0.03
PURE_000998,1,0.03
PURE_000999,1,0.03
PURE_001000,1,0.03
PURE_001001,1,0.03
PURE_001002,1,0.03
PURE_001003,1,0.03
PURE_001004,1,0.03
PURE_001005,1,0.03
PURE_001006,1,0.03
PURE_001008,1,0.03
PURE_001019,1,0.03
PURE_001009,1,0.03
PURE_001010,1,0.03
PURE_001011,1,0.03
PURE_001012,1,0.03
PURE_001013,1,0.03
PURE_001014,1,0.03
PURE_001015,1,0.03
PURE_001016,1,0.03
PURE_001017,1,0.03
PURE_001018,1,0.03
PURE_001045,1,0.03
PURE_001046,1,0.03
PURE_001047,1,0.03
PURE_001084,1,0.03
PURE_001074,1,0.03
PURE_001075,1,0.03
PURE_001076,1,0.03
PURE_001077,1,0.03
PURE_001078,1,0.03
PURE_001079,1,0.03
PURE_001080,1,0.03
PURE_001081,1,0.03
PURE_001082,1,0.03
PURE_001083,1,0.03
PURE_001085,1,0.03
PURE_001048,1,0.03
PURE_001086,1,0.03
PURE_001087,1,0.03
PURE_001088,1,0.03
PURE_001089,1,0.03
PURE_001090,1,0.03
PURE_001091,1,0.03
PURE_001092,1,0.03
PURE_001093,1,0.03
PURE_001094,1,0.03
PURE_001095,1,0.03
PURE_001073,1,0.03
PURE_001072,1,0.03
PURE_001071,1,0.03
PURE_001070,1,0.03
PURE_001049,1,0.03
PURE_001050,1,0.03
PURE_001051,1,0.03
PURE_001052,1,0.03
PURE_001053,1,0.03
PURE_001054,1,0.03
PURE_001055,1,0.03
PURE_001056,1,0.03
PURE_001057,1,0.03
PURE_001058,1,0.03
PURE_001059,1,0.03
PURE_001060,1,0.03
PURE_001061,1,0.03
PURE_001062,1,0.03
PURE_001063,1,0.03
PURE_001064,1,0.03
PURE_001065,1,0.03
PURE_001066,1,0.03
PURE_001067,1,0.03
PURE_001068,1,0.03
PURE_001069,1,0.03
PURE_001200,1,0.03
PURE_001202,1,0.03
PURE_000995,1,0.03
PURE_001343,1,0.03
PURE_001333,1,0.03
PURE_001334,1,0.03
PURE_001335,1,0.03
PURE_001336,1,0.03
PURE_001337,1,0.03
PURE_001338,1,0.03
PURE_001339,1,0.03
PURE_001340,1,0.03
PURE_001341,1,0.03
PURE_001342,1,0.03
PURE_001344,1,0.03
PURE_001331,1,0.03
PURE_001345,1,0.03
PURE_001346,1,0.03
PURE_001347,1,0.03
PURE_001348,1,0.03
PURE_001349,1,0.03
PURE_001350,1,0.03
PURE_001351,1,0.03
PURE_001352,1,0.03
PURE_001353,1,0.03
PURE_001354,1,0.03
PURE_001332,1,0.03
PURE_001330,1,0.03
PURE_001356,1,0.03
PURE_001317,1,0.03
PURE_001307,1,0.03
PURE_001308,1,0.03
PURE_001309,1,0.03
PURE_001310,1,0.03
PURE_001311,1,0.03
PURE_001312,1,0.03
PURE_001313,1,0.03
PURE_001314,1,0.03
PURE_001315,1,0.03
PURE_001316,1,0.03
PURE_001318,1,0.03
PURE_001329,1,0.03
PURE_001319,1,0.03
PURE_001320,1,0.03
PURE_001321,1,0.03
PURE_001322,1,0.03
PURE_001323,1,0.03
PURE_001324,1,0.03
PURE_001325,1,0.03
PURE_001326,1,0.03
PURE_001327,1,0.03
PURE_001328,1,0.03
PURE_001355,1,0.03
PURE_001357,1,0.03
PURE_001203,1,0.03
PURE_001395,1,0.03
PURE_001385,1,0.03
PURE_001386,1,0.03
PURE_001387,1,0.03
PURE_001388,1,0.03
PURE_001389,1,0.03
PURE_001390,1,0.03
PURE_001391,1,0.03
PURE_001392,1,0.03
PURE_001393,1,0.03
PURE_001394,1,0.03
PURE_001396,1,0.03
PURE_001383,1,0.03
PURE_001397,1,0.03
PURE_001398,1,0.03
PURE_001399,1,0.03
PURE_001400,1,0.03
PURE_001401,1,0.03
PURE_001402,1,0.03
PURE_001403,1,0.03
PURE_001404,1,0.03
PURE_001405,1,0.03
PURE_001406,1,0.03
PURE_001384,1,0.03
PURE_001382,1,0.03
PURE_001358,1,0.03
PURE_001369,1,0.03
PURE_001359,1,0.03
PURE_001360,1,0.03
PURE_001361,1,0.03
PURE_001362,1,0.03
PURE_001363,1,0.03
PURE_001364,1,0.03
PURE_001365,1,0.03
PURE_001366,1,0.03
PURE_001367,1,0.03
PURE_001368,1,0.03
PURE_001370,1,0.03
PURE_001381,1,0.03
PURE_001371,1,0.03
PURE_001372,1,0.03
PURE_001373,1,0.03
PURE_001374,1,0.03
PURE_001375,1,0.03
PURE_001376,1,0.03
PURE_001377,1,0.03
PURE_001378,1,0.03
PURE_001379,1,0.03
PURE_001380,1,0.03
PURE_001306,1,0.03
PURE_001305,1,0.03
PURE_001304,1,0.03
PURE_001240,1,0.03
PURE_001230,1,0.03
PURE_001231,1,0.03
PURE_001232,1,0.03
PURE_001233,1,0.03
PURE_001234,1,0.03
PURE_001235,1,0.03
PURE_001236,1,0.03
PURE_001237,1,0.03
PURE_001238,1,0.03
PURE_001239,1,0.03
PURE_001241,1,0.03
PURE_001228,1,0.03
PURE_001242,1,0.03
PURE_001243,1,0.03
PURE_001244,1,0.03
PURE_001245,1,0.03
PURE_001246,1,0.03
PURE_001247,1,0.03
PURE_001248,1,0.03
PURE_001249,1,0.03
PURE_001250,1,0.03
PURE_001251,1,0.03
PURE_001229,1,0.03
PURE_001227,1,0.03
PURE_001303,1,0.03
PURE_001214,1,0.03
PURE_001204,1,0.03
PURE_001205,1,0.03
PURE_001206,1,0.03
PURE_001207,1,0.03
PURE_001208,1,0.03
PURE_001209,1,0.03
PURE_001210,1,0.03
PURE_001211,1,0.03
PURE_001212,1,0.03
PURE_001213,1,0.03
PURE_001215,1,0.03
PURE_001226,1,0.03
PURE_001216,1,0.03
PURE_001217,1,0.03
PURE_001218,1,0.03
PURE_001219,1,0.03
PURE_001220,1,0.03
PURE_001221,1,0.03
PURE_001222,1,0.03
PURE_001223,1,0.03
PURE_001224,1,0.03
PURE_001225,1,0.03
PURE_001252,1,0.03
PURE_001253,1,0.03
PURE_001254,1,0.03
PURE_001291,1,0.03
PURE_001281,1,0.03
PURE_001282,1,0.03
PURE_001283,1,0.03
PURE_001284,1,0.03
PURE_001285,1,0.03
PURE_001286,1,0.03
PURE_001287,1,0.03
PURE_001288,1,0.03
PURE_001289,1,0.03
PURE_001290,1,0.03
PURE_001292,1,0.03
PURE_001255,1,0.03
PURE_001293,1,0.03
PURE_001294,1,0.03
PURE_001295,1,0.03
PURE_001296,1,0.03
PURE_001297,1,0.03
PURE_001298,1,0.03
PURE_001299,1,0.03
PURE_001300,1,0.03
PURE_001301,1,0.03
PURE_001302,1,0.03
PURE_001280,1,0.03
PURE_001279,1,0.03
PURE_001278,1,0.03
PURE_001277,1,0.03
PURE_001256,1,0.03
PURE_001257,1,0.03
PURE_001258,1,0.03
PURE_001259,1,0.03
PURE_001260,1,0.03
PURE_001261,1,0.03
PURE_001262,1,0.03
PURE_001263,1,0.03
PURE_001264,1,0.03
PURE_001265,1,0.03
PURE_001266,1,0.03
PURE_001267,1,0.03
PURE_001268,1,0.03
PURE_001269,1,0.03
PURE_001270,1,0.03
PURE_001271,1,0.03
PURE_001272,1,0.03
PURE_001273,1,0.03
PURE_001274,1,0.03
PURE_001275,1,0.03
PURE_001276,1,0.03
PURE_000996,1,0.03
PURE_000994,1,0.03
PURE_000582,1,0.03
PURE_000722,1,0.03
PURE_000712,1,0.03
PURE_000713,1,0.03
PURE_000714,1,0.03
PURE_000715,1,0.03
PURE_000716,1,0.03
PURE_000717,1,0.03
PURE_000718,1,0.03
PURE_000719,1,0.03
PURE_000720,1,0.03
PURE_000721,1,0.03
PURE_000723,1,0.03
PURE_000710,1,0.03
PURE_000724,1,0.03
PURE_000725,1,0.03
PURE_000726,1,0.03
PURE_000727,1,0.03
PURE_000728,1,0.03
PURE_000729,1,0.03
PURE_000730,1,0.03
PURE_000731,1,0.03
PURE_000732,1,0.03
PURE_000733,1,0.03
PURE_000711,1,0.03
PURE_000709,1,0.03
PURE_000735,1,0.03
PURE_000696,1,0.03
PURE_000686,1,0.03
PURE_000687,1,0.03
PURE_000688,1,0.03
PURE_000689,1,0.03
PURE_000690,1,0.03
PURE_000691,1,0.03
PURE_000692,1,0.03
PURE_000693,1,0.03
PURE_000694,1,0.03
PURE_000695,1,0.03
PURE_000697,1,0.03
PURE_000708,1,0.03
PURE_000698,1,0.03
PURE_000699,1,0.03
PURE_000700,1,0.03
PURE_000701,1,0.03
PURE_000702,1,0.03
PURE_000703,1,0.03
PURE_000704,1,0.03
PURE_000705,1,0.03
PURE_000706,1,0.03
PURE_000707,1,0.03
PURE_000734,1,0.03
PURE_000736,1,0.03
PURE_000787,1,0.03
PURE_000774,1,0.03
PURE_000764,1,0.03
PURE_000765,1,0.03
PURE_000766,1,0.03
PURE_000767,1,0.03
PURE_000768,1,0.03
PURE_000769,1,0.03
PURE_000770,1,0.03
PURE_000771,1,0.03
PURE_000772,1,0.03
PURE_000773,1,0.03
PURE_000775,1,0.03
PURE_000762,1,0.03
PURE_000776,1,0.03
PURE_000777,1,0.03
PURE_000778,1,0.03
PURE_000779,1,0.03
PURE_000780,1,0.03
PURE_000781,1,0.03
PURE_000782,1,0.03
PURE_000783,1,0.03
PURE_000784,1,0.03
PURE_000785,1,0.03
PURE_000763,1,0.03
PURE_000761,1,0.03
PURE_000737,1,0.03
PURE_000748,1,0.03
PURE_000738,1,0.03
PURE_000739,1,0.03
PURE_000740,1,0.03
PURE_000741,1,0.03
PURE_000742,1,0.03
PURE_000743,1,0.03
PURE_000744,1,0.03
PURE_000745,1,0.03
PURE_000746,1,0.03
PURE_000747,1,0.03
PURE_000749,1,0.03
PURE_000760,1,0.03
PURE_000750,1,0.03
PURE_000751,1,0.03
PURE_000752,1,0.03
PURE_000753,1,0.03
PURE_000754,1,0.03
PURE_000755,1,0.03
PURE_000756,1,0.03
PURE_000757,1,0.03
PURE_000758,1,0.03
PURE_000759,1,0.03
PURE_000685,1,0.03
PURE_000684,1,0.03
PURE_000683,1,0.03
PURE_000619,1,0.03
PURE_000609,1,0.03
PURE_000610,1,0.03
PURE_000611,1,0.03
PURE_000612,1,0.03
PURE_000613,1,0.03
PURE_000614,1,0.03
PURE_000615,1,0.03
PURE_000616,1,0.03
PURE_000617,1,0.03
PURE_000618,1,0.03
PURE_000620,1,0.03
PURE_000607,1,0.03
PURE_000621,1,0.03
PURE_000622,1,0.03
PURE_000623,1,0.03
PURE_000624,1,0.03
PURE_000625,1,0.03
PURE_000626,1,0.03
PURE_000627,1,0.03
PURE_000628,1,0.03
PURE_000629,1,0.03
PURE_000630,1,0.03
PURE_000608,1,0.03
PURE_000606,1,0.03
PURE_000682,1,0.03
PURE_000593,1,0.03
PURE_000583,1,0.03
PURE_000584,1,0.03
PURE_000585,1,0.03
PURE_000586,1,0.03
PURE_000587,1,0.03
PURE_000588,1,0.03
PURE_000589,1,0.03
PURE_000590,1,0.03
PURE_000591,1,0.03
PURE_000592,1,0.03
PURE_000594,1,0.03
PURE_000605,1,0.03
PURE_000595,1,0.03
PURE_000596,1,0.03
PURE_000597,1,0.03
PURE_000598,1,0.03
PURE_000599,1,0.03
PURE_000600,1,0.03
PURE_000601,1,0.03
PURE_000602,1,0.03
PURE_000603,1,0.03
PURE_000604,1,0.03
PURE_000631,1,0.03
PURE_000632,1,0.03
PURE_000633,1,0.03
PURE_000670,1,0.03
PURE_000660,1,0.03
PURE_000661,1,0.03
PURE_000662,1,0.03
PURE_000663,1,0.03
PURE_000664,1,0.03
PURE_000665,1,0.03
PURE_000666,1,0.03
PURE_000667,1,0.03
PURE_000668,1,0.03
PURE_000669,1,0.03
PURE_000671,1,0.03
PURE_000634,1,0.03
PURE_000672,1,0.03
PURE_000673,1,0.03
PURE_000674,1,0.03
PURE_000675,1,0.03
PURE_000676,1,0.03
PURE_000677,1,0.03
PURE_000678,1,0.03
PURE_000679,1,0.03
PURE_000680,1,0.03
PURE_000681,1,0.03
PURE_000659,1,0.03
PURE_000658,1,0.03
PURE_000657,1,0.03
PURE_000656,1,0.03
PURE_000635,1,0.03
PURE_000636,1,0.03
PURE_000637,1,0.03
PURE_000638,1,0.03
PURE_000639,1,0.03
PURE_000640,1,0.03
PURE_000641,1,0.03
PURE_000642,1,0.03
PURE_000643,1,0.03
PURE_000644,1,0.03
PURE_000645,1,0.03
PURE_000646,1,0.03
PURE_000647,1,0.03
PURE_000648,1,0.03
PURE_000649,1,0.03
PURE_000650,1,0.03
PURE_000651,1,0.03
PURE_000652,1,0.03
PURE_000653,1,0.03
PURE_000654,1,0.03
PURE_000655,1,0.03
PURE_000786,1,0.03
PURE_000788,1,0.03
PURE_000993,1,0.03
PURE_000929,1,0.03
PURE_000919,1,0.03
PURE_000920,1,0.03
PURE_000921,1,0.03
PURE_000922,1,0.03
PURE_000923,1,0.03
PURE_000924,1,0.03
PURE_000925,1,0.03
PURE_000926,1,0.03
PURE_000927,1,0.03
PURE_000928,1,0.03
PURE_000930,1,0.03
PURE_000917,1,0.03
PURE_000931,1,0.03
PURE_000932,1,0.03
PURE_000933,1,0.03
PURE_000934,1,0.03
PURE_000935,1,0.03
PURE_000936,1,0.03
PURE_000937,1,0.03
PURE_000938,1,0.03
PURE_000939,1,0.03
PURE_000940,1,0.03
PURE_000918,1,0.03
PURE_000916,1,0.03
PURE_000942,1,0.03
PURE_000903,1,0.03
PURE_000893,1,0.03
PURE_000894,1,0.03
PURE_000895,1,0.03
PURE_000896,1,0.03
PURE_000897,1,0.03
PURE_000898,1,0.03
PURE_000899,1,0.03
PURE_000900,1,0.03
PURE_000901,1,0.03
PURE_000902,1,0.03
PURE_000904,1,0.03
PURE_000915,1,0.03
PURE_000905,1,0.03
PURE_000906,1,0.03
PURE_000907,1,0.03
PURE_000908,1,0.03
PURE_000909,1,0.03
PURE_000910,1,0.03
PURE_000911,1,0.03
PURE_000912,1,0.03
PURE_000913,1,0.03
PURE_000914,1,0.03
PURE_000941,1,0.03
PURE_000943,1,0.03
PURE_000789,1,0.03
PURE_000981,1,0.03
PURE_000971,1,0.03
PURE_000972,1,0.03
PURE_000973,1,0.03
PURE_000974,1,0.03
PURE_000975,1,0.03
PURE_000976,1,0.03
PURE_000977,1,0.03
PURE_000978,1,0.03
PURE_000979,1,0.03
PURE_000980,1,0.03
PURE_000982,1,0.03
PURE_000969,1,0.03
PURE_000983,1,0.03
PURE_000984,1,0.03
PURE_000985,1,0.03
PURE_000986,1,0.03
PURE_000987,1,0.03
PURE_000988,1,0.03
PURE_000989,1,0.03
PURE_000990,1,0.03
PURE_000991,1,0.03
PURE_000992,1,0.03
PURE_000970,1,0.03
PURE_000968,1,0.03
PURE_000944,1,0.03
PURE_000955,1,0.03
PURE_000945,1,0.03
PURE_000946,1,0.03
PURE_000947,1,0.03
PURE_000948,1,0.03
PURE_000949,1,0.03
PURE_000950,1,0.03
PURE_000951,1,0.03
PURE_000952,1,0.03
PURE_000953,1,0.03
PURE_000954,1,0.03
PURE_000956,1,0.03
PURE_000967,1,0.03
PURE_000957,1,0.03
PURE_000958,1,0.03
PURE_000959,1,0.03
PURE_000960,1,0.03
PURE_000961,1,0.03
PURE_000962,1,0.03
PURE_000963,1,0.03
PURE_000964,1,0.03
PURE_000965,1,0.03
PURE_000966,1,0.03
PURE_000892,1,0.03
PURE_000891,1,0.03
PURE_000890,1,0.03
PURE_000826,1,0.03
PURE_000816,1,0.03
PURE_000817,1,0.03
PURE_000818,1,0.03
PURE_000819,1,0.03
PURE_000820,1,0.03
PURE_000821,1,0.03
PURE_000822,1,0.03
PURE_000823,1,0.03
PURE_000824,1,0.03
PURE_000825,1,0.03
PURE_000827,1,0.03
PURE_000814,1,0.03
PURE_000828,1,0.03
PURE_000829,1,0.03
PURE_000830,1,0.03
PURE_000831,1,0.03
PURE_000832,1,0.03
PURE_000833,1,0.03
PURE_000834,1,0.03
PURE_000835,1,0.03
PURE_000836,1,0.03
PURE_000837,1,0.03
PURE_000815,1,0.03
PURE_000813,1,0.03
PURE_000889,1,0.03
PURE_000800,1,0.03
PURE_000790,1,0.03
PURE_000791,1,0.03
PURE_000792,1,0.03
PURE_000793,1,0.03
PURE_000794,1,0.03
PURE_000795,1,0.03
PURE_000796,1,0.03
PURE_000797,1,0.03
PURE_000798,1,0.03
PURE_000799,1,0.03
PURE_000801,1,0.03
PURE_000812,1,0.03
PURE_000802,1,0.03
PURE_000803,1,0.03
PURE_000804,1,0.03
PURE_000805,1,0.03
PURE_000806,1,0.03
PURE_000807,1,0.03
PURE_000808,1,0.03
PURE_000809,1,0.03
PURE_000810,1,0.03
PURE_000811,1,0.03
PURE_000838,1,0.03
PURE_000839,1,0.03
PURE_000840,1,0.03
PURE_000877,1,0.03
PURE_000867,1,0.03
PURE_000868,1,0.03
PURE_000869,1,0.03
PURE_000870,1,0.03
PURE_000871,1,0.03
PURE_000872,1,0.03
PURE_000873,1,0.03
PURE_000874,1,0.03
PURE_000875,1,0.03
PURE_000876,1,0.03
PURE_000878,1,0.03
PURE_000841,1,0.03
PURE_000879,1,0.03
PURE_000880,1,0.03
PURE_000881,1,0.03
PURE_000882,1,0.03
PURE_000883,1,0.03
PURE_000884,1,0.03
PURE_000885,1,0.03
PURE_000886,1,0.03
PURE_000887,1,0.03
PURE_000888,1,0.03
PURE_000866,1,0.03
PURE_000865,1,0.03
PURE_000864,1,0.03
PURE_000863,1,0.03
PURE_000842,1,0.03
PURE_000843,1,0.03
PURE_000844,1,0.03
PURE_000845,1,0.03
PURE_000846,1,0.03
PURE_000847,1,0.03
PURE_000848,1,0.03
PURE_000849,1,0.03
PURE_000850,1,0.03
PURE_000851,1,0.03
PURE_000852,1,0.03
PURE_000853,1,0.03
PURE_000854,1,0.03
PURE_000855,1,0.03
PURE_000856,1,0.03
PURE_000857,1,0.03
PURE_000858,1,0.03
PURE_000859,1,0.03
PURE_000860,1,0.03
PURE_000861,1,0.03
PURE_000862,1,0.03
SYN_003132,1,0.03
